from,to,from.num.id,to.num.id,from.node.label,from.nodetype.label,from.node.type,to.node.label,to.nodetype.label,to.node.type,edgetype.label,edge.type
s01,sp01,1,2,Decomposition,decomp,1,Human Decomposition,human,2,decomp -> human,1
sp01,d01,2,3,Human Decomposition,human,2,Sandi's longitudinal study,slongi,3,human -> sandilong,2
d01,c01,3,4,Sandi's longitudinal study,slongi,3,"(1E)-buta-1,3-dien-1-ol",Alcohol,4,sandilong -> alcohol,3
d01,c02,3,5,Sandi's longitudinal study,slongi,3,(E)-pent-2-en-1-ol,Alcohol,4,sandilong -> alcohol,3
d01,c03,3,6,Sandi's longitudinal study,slongi,3,2-ethylhexan-1-ol,Alcohol,4,sandilong -> alcohol,3
d01,c04,3,7,Sandi's longitudinal study,slongi,3,2-methylpropan-1-ol,Alcohol,4,sandilong -> alcohol,3
d01,c05,3,8,Sandi's longitudinal study,slongi,3,3-methylbutan-1-ol,Alcohol,4,sandilong -> alcohol,3
d01,c06,3,9,Sandi's longitudinal study,slongi,3,butan-1-ol,Alcohol,4,sandilong -> alcohol,3
d01,c07,3,10,Sandi's longitudinal study,slongi,3,butan-2-ol,Alcohol,4,sandilong -> alcohol,3
d01,c08,3,11,Sandi's longitudinal study,slongi,3,ethanol,Alcohol,4,sandilong -> alcohol,3
d01,c09,3,12,Sandi's longitudinal study,slongi,3,hept-1-en-3-ol,Alcohol,4,sandilong -> alcohol,3
d01,c10,3,13,Sandi's longitudinal study,slongi,3,"hexa-1,5-dien-3-ol",Alcohol,4,sandilong -> alcohol,3
d01,c11,3,14,Sandi's longitudinal study,slongi,3,hexan-1-ol,Alcohol,4,sandilong -> alcohol,3
d01,c12,3,15,Sandi's longitudinal study,slongi,3,pent-4-en-2-ol,Alcohol,4,sandilong -> alcohol,3
d01,c13,3,16,Sandi's longitudinal study,slongi,3,pentan-1-ol,Alcohol,4,sandilong -> alcohol,3
d01,c14,3,17,Sandi's longitudinal study,slongi,3,pentan-2-ol,Alcohol,4,sandilong -> alcohol,3
d01,c15,3,18,Sandi's longitudinal study,slongi,3,prop-2-en-1-ol,Alcohol,4,sandilong -> alcohol,3
d01,c16,3,19,Sandi's longitudinal study,slongi,3,propan-1-ol,Alcohol,4,sandilong -> alcohol,3
d01,c17,3,20,Sandi's longitudinal study,slongi,3,"propane-1,2,3-triol",Alcohol,4,sandilong -> alcohol,3
d01,c18,3,21,Sandi's longitudinal study,slongi,3,(E)-hept-2-enal,Aldehyde,5,sandilong -> aldehyde,4
d01,c19,3,22,Sandi's longitudinal study,slongi,3,"1,4-dioxane-2,5-diol",Aldehyde,5,sandilong -> aldehyde,4
d01,c20,3,23,Sandi's longitudinal study,slongi,3,2-hydroxyacetaldehyde,Aldehyde,5,sandilong -> aldehyde,4
d01,c21,3,24,Sandi's longitudinal study,slongi,3,2-methylbutanal,Aldehyde,5,sandilong -> aldehyde,4
d01,c22,3,25,Sandi's longitudinal study,slongi,3,2-methylprop-2-enal,Aldehyde,5,sandilong -> aldehyde,4
d01,c23,3,26,Sandi's longitudinal study,slongi,3,2-methylpropanal,Aldehyde,5,sandilong -> aldehyde,4
d01,c24,3,27,Sandi's longitudinal study,slongi,3,3-methylbutanal,Aldehyde,5,sandilong -> aldehyde,4
d01,c25,3,28,Sandi's longitudinal study,slongi,3,acetaldehyde,Aldehyde,5,sandilong -> aldehyde,4
d01,c26,3,29,Sandi's longitudinal study,slongi,3,benzaldehyde,Aldehyde,5,sandilong -> aldehyde,4
d01,c27,3,30,Sandi's longitudinal study,slongi,3,decanal,Aldehyde,5,sandilong -> aldehyde,4
d01,c28,3,31,Sandi's longitudinal study,slongi,3,dimethoxymethane,Aldehyde,5,sandilong -> aldehyde,4
d01,c29,3,32,Sandi's longitudinal study,slongi,3,formaldehyde,Aldehyde,5,sandilong -> aldehyde,4
d01,c30,3,33,Sandi's longitudinal study,slongi,3,heptanal,Aldehyde,5,sandilong -> aldehyde,4
d01,c31,3,34,Sandi's longitudinal study,slongi,3,hexanal,Aldehyde,5,sandilong -> aldehyde,4
d01,c32,3,35,Sandi's longitudinal study,slongi,3,nonanal,Aldehyde,5,sandilong -> aldehyde,4
d01,c33,3,36,Sandi's longitudinal study,slongi,3,octanal,Aldehyde,5,sandilong -> aldehyde,4
d01,c34,3,37,Sandi's longitudinal study,slongi,3,pentanal,Aldehyde,5,sandilong -> aldehyde,4
d01,c35,3,38,Sandi's longitudinal study,slongi,3,prop-2-enal,Aldehyde,5,sandilong -> aldehyde,4
d01,c36,3,39,Sandi's longitudinal study,slongi,3,propanal,Aldehyde,5,sandilong -> aldehyde,4
d01,c37,3,40,Sandi's longitudinal study,slongi,3,"2,2,3,3-tetramethylbutane",Alkane,6,sandilong -> alkane,5
d01,c38,3,41,Sandi's longitudinal study,slongi,3,"2,2-dimethoxybutane",Alkane,6,sandilong -> alkane,5
d01,c39,3,42,Sandi's longitudinal study,slongi,3,"2,2-dimethylhexane",Alkane,6,sandilong -> alkane,5
d01,c40,3,43,Sandi's longitudinal study,slongi,3,"2,2-dimethylpropane",Alkane,6,sandilong -> alkane,5
d01,c41,3,44,Sandi's longitudinal study,slongi,3,"2,3,5,8-tetramethyldecane",Alkane,6,sandilong -> alkane,5
d01,c42,3,45,Sandi's longitudinal study,slongi,3,"2,4,6-trimethyloctane",Alkane,6,sandilong -> alkane,5
d01,c43,3,46,Sandi's longitudinal study,slongi,3,"2,4-dimethylhexane",Alkane,6,sandilong -> alkane,5
d01,c44,3,47,Sandi's longitudinal study,slongi,3,"2,6,10,14-tetramethylhexadecane",Alkane,6,sandilong -> alkane,5
d01,c45,3,48,Sandi's longitudinal study,slongi,3,"2,6,11-trimethyldodecane",Alkane,6,sandilong -> alkane,5
d01,c46,3,49,Sandi's longitudinal study,slongi,3,2-methylbutane,Alkane,6,sandilong -> alkane,5
d01,c47,3,50,Sandi's longitudinal study,slongi,3,2-methyldecane,Alkane,6,sandilong -> alkane,5
d01,c48,3,51,Sandi's longitudinal study,slongi,3,2-methyldodecane,Alkane,6,sandilong -> alkane,5
d01,c49,3,52,Sandi's longitudinal study,slongi,3,2-methylheptadecane,Alkane,6,sandilong -> alkane,5
d01,c50,3,53,Sandi's longitudinal study,slongi,3,2-methylhexane,Alkane,6,sandilong -> alkane,5
d01,c51,3,54,Sandi's longitudinal study,slongi,3,2-methylpentane,Alkane,6,sandilong -> alkane,5
d01,c52,3,55,Sandi's longitudinal study,slongi,3,"3,5-dimethyloctane",Alkane,6,sandilong -> alkane,5
d01,c53,3,56,Sandi's longitudinal study,slongi,3,"3,7-dimethyldecane",Alkane,6,sandilong -> alkane,5
d01,c54,3,57,Sandi's longitudinal study,slongi,3,"3-ethyl-2,2-dimethylpentane",Alkane,6,sandilong -> alkane,5
d01,c55,3,58,Sandi's longitudinal study,slongi,3,3-methylhexane,Alkane,6,sandilong -> alkane,5
d01,c56,3,59,Sandi's longitudinal study,slongi,3,3-methyltridecane,Alkane,6,sandilong -> alkane,5
d01,c57,3,60,Sandi's longitudinal study,slongi,3,4-methyltridecane,Alkane,6,sandilong -> alkane,5
d01,c58,3,61,Sandi's longitudinal study,slongi,3,6-methyloctadecane,Alkane,6,sandilong -> alkane,5
d01,c59,3,62,Sandi's longitudinal study,slongi,3,decane,Alkane,6,sandilong -> alkane,5
d01,c60,3,63,Sandi's longitudinal study,slongi,3,dotriacontane,Alkane,6,sandilong -> alkane,5
d01,c61,3,64,Sandi's longitudinal study,slongi,3,ethane,Alkane,6,sandilong -> alkane,5
d01,c62,3,65,Sandi's longitudinal study,slongi,3,henicosane,Alkane,6,sandilong -> alkane,5
d01,c63,3,66,Sandi's longitudinal study,slongi,3,heptadecane,Alkane,6,sandilong -> alkane,5
d01,c64,3,67,Sandi's longitudinal study,slongi,3,heptane,Alkane,6,sandilong -> alkane,5
d01,c65,3,68,Sandi's longitudinal study,slongi,3,hexadecane,Alkane,6,sandilong -> alkane,5
d01,c66,3,69,Sandi's longitudinal study,slongi,3,hexane,Alkane,6,sandilong -> alkane,5
d01,c67,3,70,Sandi's longitudinal study,slongi,3,icosane,Alkane,6,sandilong -> alkane,5
d01,c68,3,71,Sandi's longitudinal study,slongi,3,nonadecane,Alkane,6,sandilong -> alkane,5
d01,c69,3,72,Sandi's longitudinal study,slongi,3,octane,Alkane,6,sandilong -> alkane,5
d01,c70,3,73,Sandi's longitudinal study,slongi,3,pentane,Alkane,6,sandilong -> alkane,5
d01,c71,3,74,Sandi's longitudinal study,slongi,3,tetradecane,Alkane,6,sandilong -> alkane,5
d01,c72,3,75,Sandi's longitudinal study,slongi,3,tridecane,Alkane,6,sandilong -> alkane,5
d01,c73,3,76,Sandi's longitudinal study,slongi,3,undecane,Alkane,6,sandilong -> alkane,5
d01,c74,3,77,Sandi's longitudinal study,slongi,3,(E)-hex-3-ene,Alkene,7,sandilong -> alkene,6
d01,c75,3,78,Sandi's longitudinal study,slongi,3,(E)-tridec-2-ene,Alkene,7,sandilong -> alkene,6
d01,c76,3,79,Sandi's longitudinal study,slongi,3,(Z)-undec-3-ene,Alkene,7,sandilong -> alkene,6
d01,c77,3,80,Sandi's longitudinal study,slongi,3,"2-methylbuta-1,3-diene",Alkene,7,sandilong -> alkene,6
d01,c78,3,81,Sandi's longitudinal study,slongi,3,2-methylprop-1-ene,Alkene,7,sandilong -> alkene,6
d01,c79,3,82,Sandi's longitudinal study,slongi,3,4-methylhex-1-ene,Alkene,7,sandilong -> alkene,6
d01,c80,3,83,Sandi's longitudinal study,slongi,3,dec-1-ene,Alkene,7,sandilong -> alkene,6
d01,c81,3,84,Sandi's longitudinal study,slongi,3,hept-1-ene,Alkene,7,sandilong -> alkene,6
d01,c82,3,85,Sandi's longitudinal study,slongi,3,heptadec-1-ene,Alkene,7,sandilong -> alkene,6
d01,c83,3,86,Sandi's longitudinal study,slongi,3,hex-1-ene,Alkene,7,sandilong -> alkene,6
d01,c84,3,87,Sandi's longitudinal study,slongi,3,oct-1-ene,Alkene,7,sandilong -> alkene,6
d01,c85,3,88,Sandi's longitudinal study,slongi,3,"1,2,4-trimethylbenzene",Aromatic,8,sandilong -> aromatic,7
d01,c86,3,89,Sandi's longitudinal study,slongi,3,"1,2-xylene",Aromatic,8,sandilong -> aromatic,7
d01,c87,3,90,Sandi's longitudinal study,slongi,3,"1,3-xylene",Aromatic,8,sandilong -> aromatic,7
d01,c88,3,91,Sandi's longitudinal study,slongi,3,"1,4-xylene",Aromatic,8,sandilong -> aromatic,7
d01,c89,3,92,Sandi's longitudinal study,slongi,3,1-methyl-2-propan-2-ylbenzene,Aromatic,8,sandilong -> aromatic,7
d01,c90,3,93,Sandi's longitudinal study,slongi,3,1-methyl-3-propan-2-ylbenzene,Aromatic,8,sandilong -> aromatic,7
d01,c91,3,94,Sandi's longitudinal study,slongi,3,"2,3-dihydrofuran",Aromatic,8,sandilong -> aromatic,7
d01,c92,3,95,Sandi's longitudinal study,slongi,3,2-methyloxolane,Aromatic,8,sandilong -> aromatic,7
d01,c93,3,96,Sandi's longitudinal study,slongi,3,4-tert-butyl-2-[2-(dimethylamino)ethyl]-6-phenylphenol,Aromatic,8,sandilong -> aromatic,7
d01,c94,3,97,Sandi's longitudinal study,slongi,3,benzene,Aromatic,8,sandilong -> aromatic,7
d01,c95,3,98,Sandi's longitudinal study,slongi,3,cyclohexylbenzene,Aromatic,8,sandilong -> aromatic,7
d01,c96,3,99,Sandi's longitudinal study,slongi,3,diphenylmethanone,Aromatic,8,sandilong -> aromatic,7
d01,c97,3,100,Sandi's longitudinal study,slongi,3,ethylbenzene,Aromatic,8,sandilong -> aromatic,7
d01,c98,3,101,Sandi's longitudinal study,slongi,3,ethynylbenzene,Aromatic,8,sandilong -> aromatic,7
d01,c99,3,102,Sandi's longitudinal study,slongi,3,phenol,Aromatic,8,sandilong -> aromatic,7
d01,c100,3,103,Sandi's longitudinal study,slongi,3,toluene,Aromatic,8,sandilong -> aromatic,7
d01,c101,3,104,Sandi's longitudinal study,slongi,3,(2S)-2-hydroxypropanoic acid,Carboxylic acid,9,sandilong -> acid,8
d01,c102,3,105,Sandi's longitudinal study,slongi,3,2-hydroxyacetic acid,Carboxylic acid,9,sandilong -> acid,8
d01,c103,3,106,Sandi's longitudinal study,slongi,3,acetic acid,Carboxylic acid,9,sandilong -> acid,8
d01,c104,3,107,Sandi's longitudinal study,slongi,3,butanoic acid,Carboxylic acid,9,sandilong -> acid,8
d01,c105,3,108,Sandi's longitudinal study,slongi,3,formic acid,Carboxylic acid,9,sandilong -> acid,8
d01,c106,3,109,Sandi's longitudinal study,slongi,3,oxalic acid,Carboxylic acid,9,sandilong -> acid,8
d01,c107,3,110,Sandi's longitudinal study,slongi,3,ethylcyclopropane,Cycloalkane,10,sandilong -> cycloalkane,9
d01,c108,3,111,Sandi's longitudinal study,slongi,3,ethylidenecyclopropane,Cycloalkane,10,sandilong -> cycloalkane,9
d01,c109,3,112,Sandi's longitudinal study,slongi,3,propan-2-ylcyclopropane,Cycloalkane,10,sandilong -> cycloalkane,9
d01,c110,3,113,Sandi's longitudinal study,slongi,3,(4S)-1-methyl-4-prop-1-en-2-ylcyclohexene,Cycloalkene,11,sandilong -> cycloalkene,10
d01,c111,3,114,Sandi's longitudinal study,slongi,3,"3,3,5-trimethylcyclohexene",Cycloalkene,11,sandilong -> cycloalkene,10
d01,c112,3,115,Sandi's longitudinal study,slongi,3,"3,5,5-trimethylcyclohexene",Cycloalkene,11,sandilong -> cycloalkene,10
d01,c113,3,116,Sandi's longitudinal study,slongi,3,"cyclohepta-1,3,5-triene",Cycloalkene,11,sandilong -> cycloalkene,10
d01,c114,3,117,Sandi's longitudinal study,slongi,3,"(3,3,5-trimethylcyclohexyl) 2-hydroxybenzoate",Ester,12,sandilong -> ester,11
d01,c115,3,118,Sandi's longitudinal study,slongi,3,[(Z)-hex-3-enyl] acetate,Ester,12,sandilong -> ester,11
d01,c116,3,119,Sandi's longitudinal study,slongi,3,"[2,2,4-trimethyl-3-(2-methylpropanoyloxy)pentyl] 2-methylpropanoate",Ester,12,sandilong -> ester,11
d01,c117,3,120,Sandi's longitudinal study,slongi,3,"[4,4-dimethyl-3-(2-methylpropanoyloxy)pentan-2-yl] 2-methylpropanoate",Ester,12,sandilong -> ester,11
d01,c118,3,121,Sandi's longitudinal study,slongi,3,"1-O-butyl 2-O-(2-ethylhexyl) benzene-1,2-dicarboxylate",Ester,12,sandilong -> ester,11
d01,c119,3,122,Sandi's longitudinal study,slongi,3,"1-O-butyl 2-O-octyl benzene-1,2-dicarboxylate",Ester,12,sandilong -> ester,11
d01,c120,3,123,Sandi's longitudinal study,slongi,3,"1-O-butyl 2-O-propan-2-yl benzene-1,2-dicarboxylate",Ester,12,sandilong -> ester,11
d01,c121,3,124,Sandi's longitudinal study,slongi,3,1-O-decyl 2-O-prop-2-enyl oxalate,Ester,12,sandilong -> ester,11
d01,c122,3,125,Sandi's longitudinal study,slongi,3,1-O-nonyl 2-O-prop-2-enyl oxalate,Ester,12,sandilong -> ester,11
d01,c123,3,126,Sandi's longitudinal study,slongi,3,2-ethylhexyl 2-hydroxybenzoate,Ester,12,sandilong -> ester,11
d01,c124,3,127,Sandi's longitudinal study,slongi,3,2-ethylhexyl benzoate,Ester,12,sandilong -> ester,11
d01,c125,3,128,Sandi's longitudinal study,slongi,3,2-methoxyhexane,Ester,12,sandilong -> ester,11
d01,c126,3,129,Sandi's longitudinal study,slongi,3,2-methylbutyl 2-hydroxybenzoate,Ester,12,sandilong -> ester,11
d01,c127,3,130,Sandi's longitudinal study,slongi,3,2-methylpropanoyl 2-methylpropanoate,Ester,12,sandilong -> ester,11
d01,c128,3,131,Sandi's longitudinal study,slongi,3,2-O-(2-methylpropyl) 1-O-nonyl oxalate,Ester,12,sandilong -> ester,11
d01,c129,3,132,Sandi's longitudinal study,slongi,3,3-methyloxolan-2-one,Ester,12,sandilong -> ester,11
d01,c130,3,133,Sandi's longitudinal study,slongi,3,acetyl acetate,Ester,12,sandilong -> ester,11
d01,c131,3,134,Sandi's longitudinal study,slongi,3,"bis(2-methylpropyl) benzene-1,2-dicarboxylate",Ester,12,sandilong -> ester,11
d01,c132,3,135,Sandi's longitudinal study,slongi,3,butyl 2-methylbutanoate,Ester,12,sandilong -> ester,11
d01,c133,3,136,Sandi's longitudinal study,slongi,3,butyl 2-methylpropanoate,Ester,12,sandilong -> ester,11
d01,c134,3,137,Sandi's longitudinal study,slongi,3,butyl acetate,Ester,12,sandilong -> ester,11
d01,c135,3,138,Sandi's longitudinal study,slongi,3,butyl butanoate,Ester,12,sandilong -> ester,11
d01,c136,3,139,Sandi's longitudinal study,slongi,3,butyl pentanoate,Ester,12,sandilong -> ester,11
d01,c137,3,140,Sandi's longitudinal study,slongi,3,butyl propanoate,Ester,12,sandilong -> ester,11
d01,c138,3,141,Sandi's longitudinal study,slongi,3,"dibutyl benzene-1,2-dicarboxylate",Ester,12,sandilong -> ester,11
d01,c139,3,142,Sandi's longitudinal study,slongi,3,"diethyl benzene-1,2-dicarboxylate",Ester,12,sandilong -> ester,11
d01,c140,3,143,Sandi's longitudinal study,slongi,3,dimethyl carbonate,Ester,12,sandilong -> ester,11
d01,c141,3,144,Sandi's longitudinal study,slongi,3,ethyl 2-methylprop-2-enoate,Ester,12,sandilong -> ester,11
d01,c142,3,145,Sandi's longitudinal study,slongi,3,ethyl 4-methylpentanoate,Ester,12,sandilong -> ester,11
d01,c143,3,146,Sandi's longitudinal study,slongi,3,ethyl acetate,Ester,12,sandilong -> ester,11
d01,c144,3,147,Sandi's longitudinal study,slongi,3,ethyl butanoate,Ester,12,sandilong -> ester,11
d01,c145,3,148,Sandi's longitudinal study,slongi,3,ethyl pentanoate,Ester,12,sandilong -> ester,11
d01,c146,3,149,Sandi's longitudinal study,slongi,3,ethyl propanoate,Ester,12,sandilong -> ester,11
d01,c147,3,150,Sandi's longitudinal study,slongi,3,"methyl (8Z,11Z,14Z,17Z)-icosa-8,11,14,17-tetraenoate",Ester,12,sandilong -> ester,11
d01,c148,3,151,Sandi's longitudinal study,slongi,3,methyl 2-oxo-2-phenylacetate,Ester,12,sandilong -> ester,11
d01,c149,3,152,Sandi's longitudinal study,slongi,3,methyl 2-oxoacetate,Ester,12,sandilong -> ester,11
d01,c150,3,153,Sandi's longitudinal study,slongi,3,methyl 2-oxopropanoate,Ester,12,sandilong -> ester,11
d01,c151,3,154,Sandi's longitudinal study,slongi,3,methyl acetate,Ester,12,sandilong -> ester,11
d01,c152,3,155,Sandi's longitudinal study,slongi,3,methyl benzoate,Ester,12,sandilong -> ester,11
d01,c153,3,156,Sandi's longitudinal study,slongi,3,methyl but-2-ynoate,Ester,12,sandilong -> ester,11
d01,c154,3,157,Sandi's longitudinal study,slongi,3,methyl butanoate,Ester,12,sandilong -> ester,11
d01,c155,3,158,Sandi's longitudinal study,slongi,3,methyl carbamimidothioate,Ester,12,sandilong -> ester,11
d01,c156,3,159,Sandi's longitudinal study,slongi,3,methyl decanoate,Ester,12,sandilong -> ester,11
d01,c157,3,160,Sandi's longitudinal study,slongi,3,methyl formate,Ester,12,sandilong -> ester,11
d01,c158,3,161,Sandi's longitudinal study,slongi,3,methyl hexanoate,Ester,12,sandilong -> ester,11
d01,c159,3,162,Sandi's longitudinal study,slongi,3,methyl prop-2-enoate,Ester,12,sandilong -> ester,11
d01,c160,3,163,Sandi's longitudinal study,slongi,3,methyl propanoate,Ester,12,sandilong -> ester,11
d01,c161,3,164,Sandi's longitudinal study,slongi,3,methyl undecanoate,Ester,12,sandilong -> ester,11
d01,c162,3,165,Sandi's longitudinal study,slongi,3,octan-2-yl benzoate,Ester,12,sandilong -> ester,11
d01,c163,3,166,Sandi's longitudinal study,slongi,3,pentyl 2-hydroxybenzoate,Ester,12,sandilong -> ester,11
d01,c164,3,167,Sandi's longitudinal study,slongi,3,prop-1-en-2-yl acetate,Ester,12,sandilong -> ester,11
d01,c165,3,168,Sandi's longitudinal study,slongi,3,prop-1-en-2-yl formate,Ester,12,sandilong -> ester,11
d01,c166,3,169,Sandi's longitudinal study,slongi,3,prop-2-ynyl propanoate,Ester,12,sandilong -> ester,11
d01,c167,3,170,Sandi's longitudinal study,slongi,3,propan-2-yl butanoate,Ester,12,sandilong -> ester,11
d01,c168,3,171,Sandi's longitudinal study,slongi,3,propan-2-yl decanoate,Ester,12,sandilong -> ester,11
d01,c169,3,172,Sandi's longitudinal study,slongi,3,propan-2-yl tetradecanoate,Ester,12,sandilong -> ester,11
d01,c170,3,173,Sandi's longitudinal study,slongi,3,propyl 2-hydroxypropanoate,Ester,12,sandilong -> ester,11
d01,c171,3,174,Sandi's longitudinal study,slongi,3,propyl acetate,Ester,12,sandilong -> ester,11
d01,c172,3,175,Sandi's longitudinal study,slongi,3,propyl butanoate,Ester,12,sandilong -> ester,11
d01,c173,3,176,Sandi's longitudinal study,slongi,3,propyl propanoate,Ester,12,sandilong -> ester,11
d01,c174,3,177,Sandi's longitudinal study,slongi,3,tert-butyl 2-hydroxybenzoate,Ester,12,sandilong -> ester,11
d01,c175,3,178,Sandi's longitudinal study,slongi,3,trimethyl borate,Ester,12,sandilong -> ester,11
d01,c176,3,179,Sandi's longitudinal study,slongi,3,2-butylfuran,Ether,13,sandilong -> ether,12
d01,c177,3,180,Sandi's longitudinal study,slongi,3,2-ethyl-2-methyloxirane,Ether,13,sandilong -> ether,12
d01,c178,3,181,Sandi's longitudinal study,slongi,3,2-ethylfuran,Ether,13,sandilong -> ether,12
d01,c179,3,182,Sandi's longitudinal study,slongi,3,2-methoxyprop-1-ene,Ether,13,sandilong -> ether,12
d01,c180,3,183,Sandi's longitudinal study,slongi,3,2-methylfuran,Ether,13,sandilong -> ether,12
d01,c181,3,184,Sandi's longitudinal study,slongi,3,2-pentylfuran,Ether,13,sandilong -> ether,12
d01,c182,3,185,Sandi's longitudinal study,slongi,3,"3,3,6,6-tetramethyl-1,2,4,5-tetraoxane",Ether,13,sandilong -> ether,12
d01,c183,3,186,Sandi's longitudinal study,slongi,3,3-methoxybut-1-ene,Ether,13,sandilong -> ether,12
d01,c184,3,187,Sandi's longitudinal study,slongi,3,methoxy(trimethyl)silane,Ether,13,sandilong -> ether,12
d01,c185,3,188,Sandi's longitudinal study,slongi,3,oxolan-2-ylmethanol,Ether,13,sandilong -> ether,12
d01,c186,3,189,Sandi's longitudinal study,slongi,3,"1,1,1-trifluoropropan-2-one",Halogenated,14,sandilong -> halogenated,13
d01,c187,3,190,Sandi's longitudinal study,slongi,3,"1,1,2-trichloro-1,2,2-trifluoroethane",Halogenated,14,sandilong -> halogenated,13
d01,c188,3,191,Sandi's longitudinal study,slongi,3,"1,2,4-trifluorobenzene",Halogenated,14,sandilong -> halogenated,13
d01,c189,3,192,Sandi's longitudinal study,slongi,3,"1,3,5-trifluorobenzene",Halogenated,14,sandilong -> halogenated,13
d01,c190,3,193,Sandi's longitudinal study,slongi,3,1-iodo-2-methylundecane,Halogenated,14,sandilong -> halogenated,13
d01,c191,3,194,Sandi's longitudinal study,slongi,3,"1-O-butyl 2-O-(2-chloropropyl) benzene-1,2-dicarboxylate",Halogenated,14,sandilong -> halogenated,13
d01,c192,3,195,Sandi's longitudinal study,slongi,3,"2,2-dichloro-1,1-difluoro-1-methoxyethane",Halogenated,14,sandilong -> halogenated,13
d01,c193,3,196,Sandi's longitudinal study,slongi,3,2-bromopentane,Halogenated,14,sandilong -> halogenated,13
d01,c194,3,197,Sandi's longitudinal study,slongi,3,2-chloroethanol,Halogenated,14,sandilong -> halogenated,13
d01,c195,3,198,Sandi's longitudinal study,slongi,3,2-iodo-3-methylbutane,Halogenated,14,sandilong -> halogenated,13
d01,c196,3,199,Sandi's longitudinal study,slongi,3,"3,3,4,4-tetrafluorohexane",Halogenated,14,sandilong -> halogenated,13
d01,c197,3,200,Sandi's longitudinal study,slongi,3,chloroform,Halogenated,14,sandilong -> halogenated,13
d01,c198,3,201,Sandi's longitudinal study,slongi,3,difluoro(dimethyl)silane,Halogenated,14,sandilong -> halogenated,13
d01,c199,3,202,Sandi's longitudinal study,slongi,3,fluoro(trimethyl)silane,Halogenated,14,sandilong -> halogenated,13
d01,c200,3,203,Sandi's longitudinal study,slongi,3,fluoroethyne,Halogenated,14,sandilong -> halogenated,13
d01,c201,3,204,Sandi's longitudinal study,slongi,3,methanesulfonyl chloride,Halogenated,14,sandilong -> halogenated,13
d01,c202,3,205,Sandi's longitudinal study,slongi,3,"methyl 2,2,2-trifluoroacetate",Halogenated,14,sandilong -> halogenated,13
d01,c203,3,206,Sandi's longitudinal study,slongi,3,trichloro(deuterio)methane,Halogenated,14,sandilong -> halogenated,13
d01,c204,3,207,Sandi's longitudinal study,slongi,3,trichloro(fluoro)methane,Halogenated,14,sandilong -> halogenated,13
d01,c205,3,208,Sandi's longitudinal study,slongi,3,1-phenylethanone,Ketone,15,sandilong -> ketone,14
d01,c206,3,209,Sandi's longitudinal study,slongi,3,"1-phenylpropane-1,2-dione",Ketone,15,sandilong -> ketone,14
d01,c207,3,210,Sandi's longitudinal study,slongi,3,2-methylhex-4-yn-3-one,Ketone,15,sandilong -> ketone,14
d01,c208,3,211,Sandi's longitudinal study,slongi,3,3-hydroxybutan-2-one,Ketone,15,sandilong -> ketone,14
d01,c209,3,212,Sandi's longitudinal study,slongi,3,3-methylbutan-2-one,Ketone,15,sandilong -> ketone,14
d01,c210,3,213,Sandi's longitudinal study,slongi,3,3-methylpentan-2-one,Ketone,15,sandilong -> ketone,14
d01,c211,3,214,Sandi's longitudinal study,slongi,3,4-hydroxy-4-methylpentan-2-one,Ketone,15,sandilong -> ketone,14
d01,c212,3,215,Sandi's longitudinal study,slongi,3,4-methylpent-3-en-2-one,Ketone,15,sandilong -> ketone,14
d01,c213,3,216,Sandi's longitudinal study,slongi,3,but-3-en-2-one,Ketone,15,sandilong -> ketone,14
d01,c214,3,217,Sandi's longitudinal study,slongi,3,butan-2-one,Ketone,15,sandilong -> ketone,14
d01,c215,3,218,Sandi's longitudinal study,slongi,3,"butane-2,3-dione",Ketone,15,sandilong -> ketone,14
d01,c216,3,219,Sandi's longitudinal study,slongi,3,heptan-3-one,Ketone,15,sandilong -> ketone,14
d01,c217,3,220,Sandi's longitudinal study,slongi,3,octan-2-one,Ketone,15,sandilong -> ketone,14
d01,c218,3,221,Sandi's longitudinal study,slongi,3,octan-3-one,Ketone,15,sandilong -> ketone,14
d01,c219,3,222,Sandi's longitudinal study,slongi,3,pent-1-en-3-one,Ketone,15,sandilong -> ketone,14
d01,c220,3,223,Sandi's longitudinal study,slongi,3,pent-3-yn-2-one,Ketone,15,sandilong -> ketone,14
d01,c221,3,224,Sandi's longitudinal study,slongi,3,"penta-1,4-dien-3-one",Ketone,15,sandilong -> ketone,14
d01,c222,3,225,Sandi's longitudinal study,slongi,3,pentan-2-one,Ketone,15,sandilong -> ketone,14
d01,c223,3,226,Sandi's longitudinal study,slongi,3,pentan-3-one,Ketone,15,sandilong -> ketone,14
d01,c224,3,227,Sandi's longitudinal study,slongi,3,"pentane-2,3-dione",Ketone,15,sandilong -> ketone,14
d01,c225,3,228,Sandi's longitudinal study,slongi,3,"(5S)-2-methyl-5-propan-2-ylcyclohexa-1,3-diene",Monoterpene,16,sandilong -> monoterpene,15
d01,c226,3,229,Sandi's longitudinal study,slongi,3,1-methyl-4-prop-1-en-2-ylcyclohexene,Monoterpene,16,sandilong -> monoterpene,15
d01,c227,3,230,Sandi's longitudinal study,slongi,3,2-(4-methylcyclohex-3-en-1-yl)propan-2-ol,Monoterpene,16,sandilong -> monoterpene,15
d01,c228,3,231,Sandi's longitudinal study,slongi,3,"2,2-dimethyl-3-methylidenebicyclo[2.2.1]heptane",Monoterpene,16,sandilong -> monoterpene,15
d01,c229,3,232,Sandi's longitudinal study,slongi,3,"2,6,6-trimethylbicyclo[3.1.1]hept-2-ene",Monoterpene,16,sandilong -> monoterpene,15
d01,c230,3,233,Sandi's longitudinal study,slongi,3,"2-methyl-5-propan-2-ylcyclohexa-1,3-diene",Monoterpene,16,sandilong -> monoterpene,15
d01,c231,3,234,Sandi's longitudinal study,slongi,3,4-methylidene-1-propan-2-ylbicyclo[3.1.0]hexane,Monoterpene,16,sandilong -> monoterpene,15
d01,c232,3,235,Sandi's longitudinal study,slongi,3,"6,6-dimethyl-2-methylidenebicyclo[3.1.1]heptane",Monoterpene,16,sandilong -> monoterpene,15
d01,c233,3,236,Sandi's longitudinal study,slongi,3,"1,3,5,7-tetrazatricyclo[3.3.1.13,7]decane",Nitrogen containing,17,sandilong -> nitrogen,16
d01,c234,3,237,Sandi's longitudinal study,slongi,3,"1,3-diaminourea",Nitrogen containing,17,sandilong -> nitrogen,16
d01,c235,3,238,Sandi's longitudinal study,slongi,3,1H-pyrrole,Nitrogen containing,17,sandilong -> nitrogen,16
d01,c236,3,239,Sandi's longitudinal study,slongi,3,1-nitroethane,Nitrogen containing,17,sandilong -> nitrogen,16
d01,c237,3,240,Sandi's longitudinal study,slongi,3,"2,6-dimethylpyrazine",Nitrogen containing,17,sandilong -> nitrogen,16
d01,c238,3,241,Sandi's longitudinal study,slongi,3,2-aminoacetamide,Nitrogen containing,17,sandilong -> nitrogen,16
d01,c239,3,242,Sandi's longitudinal study,slongi,3,2-aminoethanol,Nitrogen containing,17,sandilong -> nitrogen,16
d01,c240,3,243,Sandi's longitudinal study,slongi,3,2-hydroxyacetonitrile,Nitrogen containing,17,sandilong -> nitrogen,16
d01,c241,3,244,Sandi's longitudinal study,slongi,3,2-methyl-1-nitropropane,Nitrogen containing,17,sandilong -> nitrogen,16
d01,c242,3,245,Sandi's longitudinal study,slongi,3,"3-(dimethylamino)-2,2-dimethylpropanal",Nitrogen containing,17,sandilong -> nitrogen,16
d01,c243,3,246,Sandi's longitudinal study,slongi,3,3-methylpyridine,Nitrogen containing,17,sandilong -> nitrogen,16
d01,c244,3,247,Sandi's longitudinal study,slongi,3,5H-cyclopenta[b]pyridine,Nitrogen containing,17,sandilong -> nitrogen,16
d01,c245,3,248,Sandi's longitudinal study,slongi,3,acetonitrile,Nitrogen containing,17,sandilong -> nitrogen,16
d01,c246,3,249,Sandi's longitudinal study,slongi,3,aminourea,Nitrogen containing,17,sandilong -> nitrogen,16
d01,c247,3,250,Sandi's longitudinal study,slongi,3,azanium;carbamate,Nitrogen containing,17,sandilong -> nitrogen,16
d01,c248,3,251,Sandi's longitudinal study,slongi,3,aziridine,Nitrogen containing,17,sandilong -> nitrogen,16
d01,c249,3,252,Sandi's longitudinal study,slongi,3,benzohydrazide,Nitrogen containing,17,sandilong -> nitrogen,16
d01,c250,3,253,Sandi's longitudinal study,slongi,3,benzonitrile,Nitrogen containing,17,sandilong -> nitrogen,16
d01,c251,3,254,Sandi's longitudinal study,slongi,3,cyclobutanamine,Nitrogen containing,17,sandilong -> nitrogen,16
d01,c252,3,255,Sandi's longitudinal study,slongi,3,ethyl (NE)-N-ethoxycarbonyliminocarbamate,Nitrogen containing,17,sandilong -> nitrogen,16
d01,c253,3,256,Sandi's longitudinal study,slongi,3,formamide,Nitrogen containing,17,sandilong -> nitrogen,16
d01,c254,3,257,Sandi's longitudinal study,slongi,3,hydrazine,Nitrogen containing,17,sandilong -> nitrogen,16
d01,c255,3,258,Sandi's longitudinal study,slongi,3,Hydrogen azide,Nitrogen containing,17,sandilong -> nitrogen,16
d01,c256,3,259,Sandi's longitudinal study,slongi,3,isocyanomethane,Nitrogen containing,17,sandilong -> nitrogen,16
d01,c257,3,260,Sandi's longitudinal study,slongi,3,methyl nitrite,Nitrogen containing,17,sandilong -> nitrogen,16
d01,c258,3,261,Sandi's longitudinal study,slongi,3,"N,N-dimethylmethanamine",Nitrogen containing,17,sandilong -> nitrogen,16
d01,c259,3,262,Sandi's longitudinal study,slongi,3,"N,N-dimethylnonan-1-amine",Nitrogen containing,17,sandilong -> nitrogen,16
d01,c260,3,263,Sandi's longitudinal study,slongi,3,N-[2-[acetyl(nitro)amino]ethyl]-N-nitroacetamide,Nitrogen containing,17,sandilong -> nitrogen,16
d01,c261,3,264,Sandi's longitudinal study,slongi,3,nitric oxide,Nitrogen containing,17,sandilong -> nitrogen,16
d01,c262,3,265,Sandi's longitudinal study,slongi,3,O-decylhydroxylamine,Nitrogen containing,17,sandilong -> nitrogen,16
d01,c263,3,266,Sandi's longitudinal study,slongi,3,urea,Nitrogen containing,17,sandilong -> nitrogen,16
d01,c264,3,267,Sandi's longitudinal study,slongi,3,(2R)-2-amino-3-sulfopropanoic acid,Sulphur containing,18,sandilong -> sulphur,17
d01,c265,3,268,Sandi's longitudinal study,slongi,3,"(3E)-N,N-dimethyl-3-(5-oxo-6H-benzo[c][1]benzothiepin-11-ylidene)propan-1-amine",Sulphur containing,18,sandilong -> sulphur,17
d01,c266,3,269,Sandi's longitudinal study,slongi,3,"(3Z)-3-(6H-benzo[c][1]benzothiepin-11-ylidene)-N,N-dimethylpropan-1-amine",Sulphur containing,18,sandilong -> sulphur,17
d01,c267,3,270,Sandi's longitudinal study,slongi,3,(methyldisulfanyl)methane,Sulphur containing,18,sandilong -> sulphur,17
d01,c268,3,271,Sandi's longitudinal study,slongi,3,(methyldisulfanyl)-methylsulfanylmethane,Sulphur containing,18,sandilong -> sulphur,17
d01,c269,3,272,Sandi's longitudinal study,slongi,3,(methyltrisulfanyl)methane,Sulphur containing,18,sandilong -> sulphur,17
d01,c270,3,273,Sandi's longitudinal study,slongi,3,2-ethenylsulfinyl-2-methylpropane,Sulphur containing,18,sandilong -> sulphur,17
d01,c271,3,274,Sandi's longitudinal study,slongi,3,2-hydroxyacetohydrazide,Sulphur containing,18,sandilong -> sulphur,17
d01,c272,3,275,Sandi's longitudinal study,slongi,3,3-methylthiophene,Sulphur containing,18,sandilong -> sulphur,17
d01,c273,3,276,Sandi's longitudinal study,slongi,3,"8-oxo-14,15-diazatetracyclo[7.6.1.02,7.013,16]hexadeca-1(16),2,4,6,9,11,13-heptaene-12-sulfonic acid",Sulphur containing,18,sandilong -> sulphur,17
d01,c274,3,277,Sandi's longitudinal study,slongi,3,aminomethanesulfonic acid,Sulphur containing,18,sandilong -> sulphur,17
d01,c275,3,278,Sandi's longitudinal study,slongi,3,Carbon disulfide,Sulphur containing,18,sandilong -> sulphur,17
d01,c276,3,279,Sandi's longitudinal study,slongi,3,dimethyl sulfite,Sulphur containing,18,sandilong -> sulphur,17
d01,c277,3,280,Sandi's longitudinal study,slongi,3,ethanethioic S-acid,Sulphur containing,18,sandilong -> sulphur,17
d01,c278,3,281,Sandi's longitudinal study,slongi,3,methanethiol,Sulphur containing,18,sandilong -> sulphur,17
d01,c279,3,282,Sandi's longitudinal study,slongi,3,methyl thiocyanate,Sulphur containing,18,sandilong -> sulphur,17
d01,c280,3,283,Sandi's longitudinal study,slongi,3,methylsulfanyl(methylsulfinyl)methane,Sulphur containing,18,sandilong -> sulphur,17
d01,c281,3,284,Sandi's longitudinal study,slongi,3,propane-2-sulfonyl chloride,Sulphur containing,18,sandilong -> sulphur,17
d01,c282,3,285,Sandi's longitudinal study,slongi,3,S-methyl ethanethioate,Sulphur containing,18,sandilong -> sulphur,17
d01,c283,3,286,Sandi's longitudinal study,slongi,3,sulfur dioxide,Sulphur containing,18,sandilong -> sulphur,17
d01,c284,3,287,Sandi's longitudinal study,slongi,3,"(1aR,4aS,7R,7aR,7bS)-1,1,7-trimethyl-4-methylidene-2,3,4a,5,6,7,7a,7b-octahydro-1aH-cyclopropa[e]azulene",Terpene,19,sandilong -> terpene,18
d01,c285,3,288,Sandi's longitudinal study,slongi,3,"1,1,7-trimethyl-4-methylidene-2,3,4a,5,6,7,7a,7b-octahydro-1aH-cyclopropa[e]azulene",Terpene,19,sandilong -> terpene,18
d01,c286,3,289,Sandi's longitudinal study,slongi,3,"2,6,10-trimethyldodecane",Terpene,19,sandilong -> terpene,18
d01,c287,3,290,Sandi's longitudinal study,slongi,3,hexadec-1-ene,Terpene,19,sandilong -> terpene,18
d01,c288,3,291,Sandi's longitudinal study,slongi,3,"spiro[2.4]hepta-4,6-diene",Terpene,19,sandilong -> terpene,18
d01,c289,3,292,Sandi's longitudinal study,slongi,3,styrene,Terpene,19,sandilong -> terpene,18
sp01,d02,2,293,Human Decomposition,human,2,"Rosier et al., 2015",humanstudy,20,,
sp01,d03,2,294,Human Decomposition,human,2,"Hoffman et al., 2009",humanstudy,20,,
sp01,d04,2,295,Human Decomposition,human,2,"Rosier et al., 2014",humanstudy,20,,
sp01,d05,2,296,Human Decomposition,human,2,"Statheropoulos et al., 2005",humanstudy,20,,
sp01,d06,2,297,Human Decomposition,human,2,"Statheropoulos et al., 2007",humanstudy,20,,
sp01,d07,2,298,Human Decomposition,human,2,"Vass et al., 2008",humanstudy,20,,
sp01,d08,2,299,Human Decomposition,human,2,"Vass, 2012",humanstudy,20,,
sp01,d09,2,300,Human Decomposition,human,2,"Rosier et al., 2016",humanstudy,20,,
sp01,d11,2,302,Human Decomposition,human,2,"Ueland et al., 2021",humanstudy,20,,
sp01,d12,2,303,Human Decomposition,human,2,"DeGreeff & Furton, 2011",humanstudy,20,,
sp01,d13,2,304,Human Decomposition,human,2,"Dubois et al., 2019",humanstudy,20,,
d02,c386,293,401,"Rosier et al., 2015",humanstudy,20,"2-ethyl-3,5,6-trimethylpyrazine",Nitrogen containing,17,,
d02,c387,293,402,"Rosier et al., 2015",humanstudy,20,"5-ethyl-2,3-dimethylpyrazine",Nitrogen containing,17,,
d02,c388,293,403,"Rosier et al., 2015",humanstudy,20,"2,3-dimethylpyrazine",Nitrogen containing,17,,
d02,c390,293,405,"Rosier et al., 2015",humanstudy,20,"2,5-dimethylpyrazine",Nitrogen containing,17,,
d02,c03,293,6,"Rosier et al., 2015",humanstudy,20,2-ethylhexan-1-ol,Alcohol,4,,
d02,c391,293,406,"Rosier et al., 2015",humanstudy,20,2-ethyl-5-methylpyrazine,Nitrogen containing,17,,
d02,c392,293,407,"Rosier et al., 2015",humanstudy,20,"3,5-diethyl-2-methylpyrazine",Nitrogen containing,17,,
d02,c393,293,408,"Rosier et al., 2015",humanstudy,20,"3-ethyl-2,5-dimethylpyrazine",Nitrogen containing,17,,
d02,c245,293,248,"Rosier et al., 2015",humanstudy,20,acetonitrile,Nitrogen containing,17,,
d02,c135,293,138,"Rosier et al., 2015",humanstudy,20,butyl butanoate,Ester,12,,
d02,c59,293,62,"Rosier et al., 2015",humanstudy,20,decane,Alkane,6,,
d02,c395,293,410,"Rosier et al., 2015",humanstudy,20,heptanenitrile,Nitrogen containing,17,,
d02,c396,293,411,"Rosier et al., 2015",humanstudy,20,1H-indole,Nitrogen containing,17,,
d02,c397,293,412,"Rosier et al., 2015",humanstudy,20,2-methylpyrazine,Nitrogen containing,17,,
d02,c400,293,415,"Rosier et al., 2015",humanstudy,20,nonanenitrile,Nitrogen containing,17,,
d02,c401,293,416,"Rosier et al., 2015",humanstudy,20,octanenitrile,Nitrogen containing,17,,
d02,c70,293,73,"Rosier et al., 2015",humanstudy,20,pentane,Alkane,6,,
d02,c348,293,363,"Rosier et al., 2015",humanstudy,20,pentanoic acid,Carboxylic acid,9,,
d02,c349,293,364,"Rosier et al., 2015",humanstudy,20,propanoic acid,Carboxylic acid,9,,
d02,c402,293,417,"Rosier et al., 2015",humanstudy,20,pyridine,Nitrogen containing,17,,
d02,c403,293,418,"Rosier et al., 2015",humanstudy,20,"2,3,5,6-tetramethylpyrazine",Nitrogen containing,17,,
d02,c258,293,261,"Rosier et al., 2015",humanstudy,20,"N,N-dimethylmethanamine",Nitrogen containing,17,,
d02,c404,293,419,"Rosier et al., 2015",humanstudy,20,"2,3,5-trimethylpyrazine",Nitrogen containing,17,,
d02,c73,293,76,"Rosier et al., 2015",humanstudy,20,undecane,Alkane,6,,
d12,c300,303,315,"DeGreeff & Furton, 2011",humanstudy,20,"1,2,3-trimethylbenzene",Aromatic,8,,
d12,c375,303,390,"DeGreeff & Furton, 2011",humanstudy,20,1-[4-(2-hydroxypropan-2-yl)phenyl]ethanone,Ketone,15,,
d12,c321,303,336,"DeGreeff & Furton, 2011",humanstudy,20,octan-1-ol,Alcohol,4,,
d12,c323,303,338,"DeGreeff & Furton, 2011",humanstudy,20,2-(2-ethoxyethoxy)ethanol,Alcohol,4,,
d12,c325,303,340,"DeGreeff & Furton, 2011",humanstudy,20,2-butoxyethanol,Alcohol,4,,
d12,c326,303,341,"DeGreeff & Furton, 2011",humanstudy,20,2-butyloctan-1-ol,Alcohol,4,,
d12,c340,303,355,"DeGreeff & Furton, 2011",humanstudy,20,(E)-dec-2-enal,Aldehyde,5,,
d12,c342,303,357,"DeGreeff & Furton, 2011",humanstudy,20,2-ethylhexanoic acid,Carboxylic acid,9,,
d12,c03,303,6,"DeGreeff & Furton, 2011",humanstudy,20,2-ethylhexan-1-ol,Alcohol,4,,
d12,c328,303,343,"DeGreeff & Furton, 2011",humanstudy,20,2-hexyldecan-1-ol,Alcohol,4,,
d12,c329,303,344,"DeGreeff & Furton, 2011",humanstudy,20,2-hexyloctan-1-ol,Alcohol,4,,
d12,c343,303,358,"DeGreeff & Furton, 2011",humanstudy,20,2-methylpropanoic acid,Carboxylic acid,9,,
d12,c383,303,398,"DeGreeff & Furton, 2011",humanstudy,20,6-methylhept-5-en-2-one,Ketone,15,,
d12,c333,303,348,"DeGreeff & Furton, 2011",humanstudy,20,"2,6-dimethyloct-7-en-2-ol",Alcohol,4,,
d12,c103,303,106,"DeGreeff & Furton, 2011",humanstudy,20,acetic acid,Carboxylic acid,9,,
d12,c26,303,29,"DeGreeff & Furton, 2011",humanstudy,20,benzaldehyde,Aldehyde,5,,
d12,c250,303,253,"DeGreeff & Furton, 2011",humanstudy,20,benzonitrile,Nitrogen containing,17,,
d12,c334,303,349,"DeGreeff & Furton, 2011",humanstudy,20,phenylmethanol,Alcohol,4,,
d12,c27,303,30,"DeGreeff & Furton, 2011",humanstudy,20,decanal,Aldehyde,5,,
d12,c269,303,272,"DeGreeff & Furton, 2011",humanstudy,20,(methyltrisulfanyl)methane,Sulphur containing,18,,
d12,c367,303,382,"DeGreeff & Furton, 2011",humanstudy,20,furan-2-ylmethanol,Ether,13,,
d12,c63,303,66,"DeGreeff & Furton, 2011",humanstudy,20,heptadecane,Alkane,6,,
d12,c65,303,68,"DeGreeff & Furton, 2011",humanstudy,20,hexadecane,Alkane,6,,
d12,c346,303,361,"DeGreeff & Furton, 2011",humanstudy,20,hexanoic acid,Carboxylic acid,9,,
d12,c358,303,373,"DeGreeff & Furton, 2011",humanstudy,20,methyl 2-hydroxybenzoate,Ester,12,,
d12,c303,303,318,"DeGreeff & Furton, 2011",humanstudy,20,naphthalene,Aromatic,8,,
d12,c32,303,35,"DeGreeff & Furton, 2011",humanstudy,20,nonanal,Aldehyde,5,,
d12,c347,303,362,"DeGreeff & Furton, 2011",humanstudy,20,octanoic acid,Carboxylic acid,9,,
d12,c292,303,307,"DeGreeff & Furton, 2011",humanstudy,20,pentadecane,Alkane,6,,
d12,c99,303,102,"DeGreeff & Furton, 2011",humanstudy,20,phenol,Aromatic,8,,
d12,c289,303,292,"DeGreeff & Furton, 2011",humanstudy,20,styrene,Terpene,19,,
d12,c71,303,74,"DeGreeff & Furton, 2011",humanstudy,20,tetradecane,Alkane,6,,
d12,c100,303,103,"DeGreeff & Furton, 2011",humanstudy,20,toluene,Aromatic,8,,
d12,c72,303,75,"DeGreeff & Furton, 2011",humanstudy,20,tridecane,Alkane,6,,
d12,c73,303,76,"DeGreeff & Furton, 2011",humanstudy,20,undecane,Alkane,6,,
d12,c350,303,365,"DeGreeff & Furton, 2011",humanstudy,20,undecanoic acid,Carboxylic acid,9,,
d12,c364,303,379,"DeGreeff & Furton, 2011",humanstudy,20,methyl 10-methylundecanoate,Ester,12,,
d08,c187,299,190,"Vass, 2012",humanstudy,20,"1,1,2-trichloro-1,2,2-trifluoroethane",Halogenated,14,,
d08,c368,299,383,"Vass, 2012",humanstudy,20,"1,1-dichloro-1-fluoroethane",Halogenated,14,,
d08,c369,299,384,"Vass, 2012",humanstudy,20,"1,2-dichloroethene",Halogenated,14,,
d08,c301,299,316,"Vass, 2012",humanstudy,20,1-ethyl-2-methylbenzene,Aromatic,8,,
d08,c365,299,380,"Vass, 2012",humanstudy,20,1-methoxypropylbenzene,Ether,13,,
d08,c21,299,24,"Vass, 2012",humanstudy,20,2-methylbutanal,Aldehyde,5,,
d08,c46,299,49,"Vass, 2012",humanstudy,20,2-methylbutane,Alkane,6,,
d08,c180,299,183,"Vass, 2012",humanstudy,20,2-methylfuran,Ether,13,,
d08,c299,299,314,"Vass, 2012",humanstudy,20,pent-2-ene,Alkene,7,,
d08,c94,299,97,"Vass, 2012",humanstudy,20,benzene,Aromatic,8,,
d08,c341,299,356,"Vass, 2012",humanstudy,20,butanal,Aldehyde,5,,
d08,c275,299,278,"Vass, 2012",humanstudy,20,Carbon disulfide,Sulphur containing,18,,
d08,c197,299,200,"Vass, 2012",humanstudy,20,chloroform,Halogenated,14,,
d08,c27,299,30,"Vass, 2012",humanstudy,20,decanal,Aldehyde,5,,
d08,c59,299,62,"Vass, 2012",humanstudy,20,decane,Alkane,6,,
d08,c370,299,385,"Vass, 2012",humanstudy,20,dichloro(difluoro)methane,Halogenated,14,,
d08,c371,299,386,"Vass, 2012",humanstudy,20,"1,2-dichloro-1,1,2,2-tetrafluoroethane",Halogenated,14,,
d08,c267,299,270,"Vass, 2012",humanstudy,20,(methyldisulfanyl)methane,Sulphur containing,18,,
d08,c412,299,427,"Vass, 2012",humanstudy,20,methylsulfanylmethane,Sulphur containing,18,,
d08,c269,299,272,"Vass, 2012",humanstudy,20,(methyltrisulfanyl)methane,Sulphur containing,18,,
d08,c08,299,11,"Vass, 2012",humanstudy,20,ethanol,Alcohol,4,,
d08,c30,299,33,"Vass, 2012",humanstudy,20,heptanal,Aldehyde,5,,
d08,c64,299,67,"Vass, 2012",humanstudy,20,heptane,Alkane,6,,
d08,c31,299,34,"Vass, 2012",humanstudy,20,hexanal,Aldehyde,5,,
d08,c66,299,69,"Vass, 2012",humanstudy,20,hexane,Alkane,6,,
d08,c233,299,236,"Vass, 2012",humanstudy,20,"1,3,5,7-tetrazatricyclo[3.3.1.13,7]decane",Nitrogen containing,17,,
d08,c303,299,318,"Vass, 2012",humanstudy,20,naphthalene,Aromatic,8,,
d08,c32,299,35,"Vass, 2012",humanstudy,20,nonanal,Aldehyde,5,,
d08,c291,299,306,"Vass, 2012",humanstudy,20,nonane,Alkane,6,,
d08,c33,299,36,"Vass, 2012",humanstudy,20,octanal,Aldehyde,5,,
d08,c69,299,72,"Vass, 2012",humanstudy,20,octane,Alkane,6,,
d08,c34,299,37,"Vass, 2012",humanstudy,20,pentanal,Aldehyde,5,,
d08,c70,299,73,"Vass, 2012",humanstudy,20,pentane,Alkane,6,,
d08,c289,299,292,"Vass, 2012",humanstudy,20,styrene,Terpene,19,,
d08,c283,299,286,"Vass, 2012",humanstudy,20,sulfur dioxide,Sulphur containing,18,,
d08,c374,299,389,"Vass, 2012",humanstudy,20,"1,1,2-trichloroethene",Halogenated,14,,
d08,c204,299,207,"Vass, 2012",humanstudy,20,trichloro(fluoro)methane,Halogenated,14,,
d08,c73,299,76,"Vass, 2012",humanstudy,20,undecane,Alkane,6,,
d04,c80,295,83,"Rosier et al., 2014",humanstudy,20,dec-1-ene,Alkene,7,,
d04,c405,295,420,"Rosier et al., 2014",humanstudy,20,1-methylsulfanylheptane,Sulphur containing,18,,
d04,c406,295,421,"Rosier et al., 2014",humanstudy,20,1-methylsulfanylpentane,Sulphur containing,18,,
d04,c407,295,422,"Rosier et al., 2014",humanstudy,20,1-methylsulfanylhexane,Sulphur containing,18,,
d04,c322,295,337,"Rosier et al., 2014",humanstudy,20,oct-1-en-3-ol,Alcohol,4,,
d04,c295,295,310,"Rosier et al., 2014",humanstudy,20,pentadec-1-ene,Alkene,7,,
d04,c408,295,423,"Rosier et al., 2014",humanstudy,20,bis(methylsulfanyl)methane,Sulphur containing,18,,
d04,c327,295,342,"Rosier et al., 2014",humanstudy,20,2-ethylbutan-1-ol,Alcohol,4,,
d04,c330,295,345,"Rosier et al., 2014",humanstudy,20,2-methylbutan-1-ol,Alcohol,4,,
d04,c330,295,345,"Rosier et al., 2014",humanstudy,20,2-methylbutan-1-ol,Alcohol,4,,
d04,c344,295,359,"Rosier et al., 2014",humanstudy,20,2-methylbutanoic acid,Carboxylic acid,9,,
d04,c04,295,7,"Rosier et al., 2014",humanstudy,20,2-methylpropan-1-ol,Alcohol,4,,
d04,c298,295,313,"Rosier et al., 2014",humanstudy,20,(E)-oct-2-ene,Alkene,7,,
d04,c208,295,211,"Rosier et al., 2014",humanstudy,20,3-hydroxybutan-2-one,Ketone,15,,
d04,c24,295,27,"Rosier et al., 2014",humanstudy,20,3-methylbutanal,Aldehyde,5,,
d04,c345,295,360,"Rosier et al., 2014",humanstudy,20,3-methylbutanoic acid,Carboxylic acid,9,,
d04,c383,295,398,"Rosier et al., 2014",humanstudy,20,6-methylhept-5-en-2-one,Ketone,15,,
d04,c384,295,399,"Rosier et al., 2014",humanstudy,20,6-methylheptan-2-one,Ketone,15,,
d04,c103,295,106,"Rosier et al., 2014",humanstudy,20,acetic acid,Carboxylic acid,9,,
d04,c335,295,350,"Rosier et al., 2014",humanstudy,20,"butane-1,3-diol",Alcohol,4,,
d04,c336,295,351,"Rosier et al., 2014",humanstudy,20,"butane-2,3-diol",Alcohol,4,,
d04,c104,295,107,"Rosier et al., 2014",humanstudy,20,butanoic acid,Carboxylic acid,9,,
d04,c134,295,137,"Rosier et al., 2014",humanstudy,20,butyl acetate,Ester,12,,
d04,c275,295,278,"Rosier et al., 2014",humanstudy,20,Carbon disulfide,Sulphur containing,18,,
d04,c59,295,62,"Rosier et al., 2014",humanstudy,20,decane,Alkane,6,,
d04,c267,295,270,"Rosier et al., 2014",humanstudy,20,(methyldisulfanyl)methane,Sulphur containing,18,,
d04,c413,295,428,"Rosier et al., 2014",humanstudy,20,(methyltetrasulfanyl)methane,Sulphur containing,18,,
d04,c413,295,428,"Rosier et al., 2014",humanstudy,20,(methyltetrasulfanyl)methane,Sulphur containing,18,,
d04,c269,295,272,"Rosier et al., 2014",humanstudy,20,(methyltrisulfanyl)methane,Sulphur containing,18,,
d04,c08,295,11,"Rosier et al., 2014",humanstudy,20,ethanol,Alcohol,4,,
d04,c144,295,147,"Rosier et al., 2014",humanstudy,20,ethyl butanoate,Ester,12,,
d04,c145,295,148,"Rosier et al., 2014",humanstudy,20,ethyl pentanoate,Ester,12,,
d04,c146,295,149,"Rosier et al., 2014",humanstudy,20,ethyl propanoate,Ester,12,,
d04,c354,295,369,"Rosier et al., 2014",humanstudy,20,ethyl 2-methylbutanoate,Ester,12,,
d04,c355,295,370,"Rosier et al., 2014",humanstudy,20,ethyl 2-methylpropanoate,Ester,12,,
d04,c356,295,371,"Rosier et al., 2014",humanstudy,20,ethyl 3-methylbutanoate,Ester,12,,
d04,c30,295,33,"Rosier et al., 2014",humanstudy,20,heptanal,Aldehyde,5,,
d04,c64,295,67,"Rosier et al., 2014",humanstudy,20,heptane,Alkane,6,,
d04,c31,295,34,"Rosier et al., 2014",humanstudy,20,hexanal,Aldehyde,5,,
d04,c66,295,69,"Rosier et al., 2014",humanstudy,20,hexane,Alkane,6,,
d04,c414,295,429,"Rosier et al., 2014",humanstudy,20,sulfane,Sulphur containing,18,,
d04,c396,295,411,"Rosier et al., 2014",humanstudy,20,1H-indole,Nitrogen containing,17,,
d04,c415,295,430,"Rosier et al., 2014",humanstudy,20,(methyldisulfanyl)ethane,Sulphur containing,18,,
d04,c416,295,431,"Rosier et al., 2014",humanstudy,20,2-(Methyldisulfanyl)propane,Sulphur containing,18,,
d04,c417,295,432,"Rosier et al., 2014",humanstudy,20,1-(methyldisulfanyl)propane,Sulphur containing,18,,
d04,c291,295,306,"Rosier et al., 2014",humanstudy,20,nonane,Alkane,6,,
d04,c69,295,72,"Rosier et al., 2014",humanstudy,20,octane,Alkane,6,,
d04,c292,295,307,"Rosier et al., 2014",humanstudy,20,pentadecane,Alkane,6,,
d04,c14,295,17,"Rosier et al., 2014",humanstudy,20,pentan-2-ol,Alcohol,4,,
d04,c99,295,102,"Rosier et al., 2014",humanstudy,20,phenol,Aromatic,8,,
d04,c36,295,39,"Rosier et al., 2014",humanstudy,20,propanal,Aldehyde,5,,
d04,c349,295,364,"Rosier et al., 2014",humanstudy,20,propanoic acid,Carboxylic acid,9,,
d04,c171,295,174,"Rosier et al., 2014",humanstudy,20,propyl acetate,Ester,12,,
d04,c172,295,175,"Rosier et al., 2014",humanstudy,20,propyl butanoate,Ester,12,,
d04,c361,295,376,"Rosier et al., 2014",humanstudy,20,propyl pentanoate,Ester,12,,
d04,c173,295,176,"Rosier et al., 2014",humanstudy,20,propyl propanoate,Ester,12,,
d04,c362,295,377,"Rosier et al., 2014",humanstudy,20,propyl 2-methylbutanoate,Ester,12,,
d04,c402,295,417,"Rosier et al., 2014",humanstudy,20,pyridine,Nitrogen containing,17,,
d04,c363,295,378,"Rosier et al., 2014",humanstudy,20,S-methyl 3-methylbutanethioate,Ester,12,,
d04,c282,295,285,"Rosier et al., 2014",humanstudy,20,S-methyl ethanethioate,Sulphur containing,18,,
d04,c283,295,286,"Rosier et al., 2014",humanstudy,20,sulfur dioxide,Sulphur containing,18,,
d04,c403,295,418,"Rosier et al., 2014",humanstudy,20,"2,3,5,6-tetramethylpyrazine",Nitrogen containing,17,,
d04,c73,295,76,"Rosier et al., 2014",humanstudy,20,undecane,Alkane,6,,
d09,c389,300,404,"Rosier et al., 2016",humanstudy,20,"2,5-dimethyl-1H-pyrrole",Nitrogen containing,17,,
d09,c305,300,320,"Rosier et al., 2016",humanstudy,20,"2,5-dimethyloctane",Alkane,6,,
d09,c307,300,322,"Rosier et al., 2016",humanstudy,20,2-methylnonane,Alkane,6,,
d09,c409,300,424,"Rosier et al., 2016",humanstudy,20,3-methylsulfanylpropan-1-ol,Sulphur containing,18,,
d09,c411,300,426,"Rosier et al., 2016",humanstudy,20,(ethyldisulfanyl)ethane,Sulphur containing,18,,
d09,c145,300,148,"Rosier et al., 2016",humanstudy,20,ethyl pentanoate,Ester,12,,
d09,c146,300,149,"Rosier et al., 2016",humanstudy,20,ethyl propanoate,Ester,12,,
d09,c172,300,175,"Rosier et al., 2016",humanstudy,20,propyl butanoate,Ester,12,,
d09,c173,300,176,"Rosier et al., 2016",humanstudy,20,propyl propanoate,Ester,12,,
d09,c402,300,417,"Rosier et al., 2016",humanstudy,20,pyridine,Nitrogen containing,17,,
d13,c80,304,83,"Dubois et al., 2019",humanstudy,20,dec-1-ene,Alkene,7,,
d13,c81,304,84,"Dubois et al., 2019",humanstudy,20,hept-1-ene,Alkene,7,,
d13,c83,304,86,"Dubois et al., 2019",humanstudy,20,hex-1-ene,Alkene,7,,
d13,c294,304,309,"Dubois et al., 2019",humanstudy,20,non-1-ene,Alkene,7,,
d13,c84,304,87,"Dubois et al., 2019",humanstudy,20,oct-1-ene,Alkene,7,,
d13,c315,304,330,"Dubois et al., 2019",humanstudy,20,"2,4,6-trimethylnon-1-ene",Alkene,7,,
d13,c297,304,312,"Dubois et al., 2019",humanstudy,20,hept-2-ene,Alkene,7,,
d13,c352,304,367,"Dubois et al., 2019",humanstudy,20,3-methylbutyl 2-methylbutanoate,Ester,12,,
d13,c316,304,331,"Dubois et al., 2019",humanstudy,20,methylcyclohexane,Cycloalkane,10,,
d13,c59,304,62,"Dubois et al., 2019",humanstudy,20,decane,Alkane,6,,
d13,c59,304,62,"Dubois et al., 2019",humanstudy,20,decane,Alkane,6,,
d13,c309,304,324,"Dubois et al., 2019",humanstudy,20,4-methyldecane,Alkane,6,,
d13,c64,304,67,"Dubois et al., 2019",humanstudy,20,heptane,Alkane,6,,
d13,c310,304,325,"Dubois et al., 2019",humanstudy,20,"2,4-dimethylheptane",Alkane,6,,
d13,c31,304,34,"Dubois et al., 2019",humanstudy,20,hexanal,Aldehyde,5,,
d13,c312,304,327,"Dubois et al., 2019",humanstudy,20,"2,3-dimethylhexane",Alkane,6,,
d13,c32,304,35,"Dubois et al., 2019",humanstudy,20,nonanal,Aldehyde,5,,
d13,c69,304,72,"Dubois et al., 2019",humanstudy,20,octane,Alkane,6,,
d13,c69,304,72,"Dubois et al., 2019",humanstudy,20,octane,Alkane,6,,
d13,c360,304,375,"Dubois et al., 2019",humanstudy,20,3-methylbutyl pentanoate,Ester,12,,
d13,c339,304,354,"Dubois et al., 2019",humanstudy,20,2-phenylethanol,Alcohol,4,,
d13,c313,304,328,"Dubois et al., 2019",humanstudy,20,2-methyltridecane,Alkane,6,,
d13,c314,304,329,"Dubois et al., 2019",humanstudy,20,2-methylundecane,Alkane,6,,
d11,c187,302,190,"Ueland et al., 2021",humanstudy,20,"1,1,2-trichloro-1,2,2-trifluoroethane",Halogenated,14,,
d11,c300,302,315,"Ueland et al., 2021",humanstudy,20,"1,2,3-trimethylbenzene",Aromatic,8,,
d11,c190,302,193,"Ueland et al., 2021",humanstudy,20,1-iodo-2-methylundecane,Halogenated,14,,
d11,c39,302,42,"Ueland et al., 2021",humanstudy,20,"2,2-dimethylhexane",Alkane,6,,
d11,c304,302,319,"Ueland et al., 2021",humanstudy,20,"2,3-dimethylbutane",Alkane,6,,
d11,c306,302,321,"Ueland et al., 2021",humanstudy,20,"2,6,10,14-tetramethylheptadecane",Alkane,6,,
d11,c286,302,289,"Ueland et al., 2021",humanstudy,20,"2,6,10-trimethyldodecane",Terpene,19,,
d11,c238,302,241,"Ueland et al., 2021",humanstudy,20,2-aminoacetamide,Nitrogen containing,17,,
d11,c214,302,217,"Ueland et al., 2021",humanstudy,20,butan-2-one,Ketone,15,,
d11,c298,302,313,"Ueland et al., 2021",humanstudy,20,(E)-oct-2-ene,Alkene,7,,
d11,c162,302,165,"Ueland et al., 2021",humanstudy,20,octan-2-yl benzoate,Ester,12,,
d11,c332,302,347,"Ueland et al., 2021",humanstudy,20,propan-2-ol,Alcohol,4,,
d11,c35,302,38,"Ueland et al., 2021",humanstudy,20,prop-2-enal,Aldehyde,5,,
d11,c351,302,366,"Ueland et al., 2021",humanstudy,20,dodecyl prop-2-enoate,Ester,12,,
d11,c111,302,114,"Ueland et al., 2021",humanstudy,20,"3,3,5-trimethylcyclohexene",Cycloalkene,11,,
d11,c52,302,55,"Ueland et al., 2021",humanstudy,20,"3,5-dimethyloctane",Alkane,6,,
d11,c209,302,212,"Ueland et al., 2021",humanstudy,20,3-methylbutan-2-one,Ketone,15,,
d11,c55,302,58,"Ueland et al., 2021",humanstudy,20,3-methylhexane,Alkane,6,,
d11,c223,302,226,"Ueland et al., 2021",humanstudy,20,pentan-3-one,Ketone,15,,
d11,c382,302,397,"Ueland et al., 2021",humanstudy,20,4-methylpentan-2-one,Ketone,15,,
d11,c205,302,208,"Ueland et al., 2021",humanstudy,20,1-phenylethanone,Ketone,15,,
d11,c26,302,29,"Ueland et al., 2021",humanstudy,20,benzaldehyde,Aldehyde,5,,
d11,c94,302,97,"Ueland et al., 2021",humanstudy,20,benzene,Aromatic,8,,
d11,c302,302,317,"Ueland et al., 2021",humanstudy,20,"bicyclo[4.2.0]octa-1,3,5-triene",Aromatic,8,,
d11,c96,302,99,"Ueland et al., 2021",humanstudy,20,diphenylmethanone,Aromatic,8,,
d11,c275,302,278,"Ueland et al., 2021",humanstudy,20,Carbon disulfide,Sulphur containing,18,,
d11,c95,302,98,"Ueland et al., 2021",humanstudy,20,cyclohexylbenzene,Aromatic,8,,
d11,c156,302,159,"Ueland et al., 2021",humanstudy,20,methyl decanoate,Ester,12,,
d11,c211,302,214,"Ueland et al., 2021",humanstudy,20,4-hydroxy-4-methylpentan-2-one,Ketone,15,,
d11,c394,302,409,"Ueland et al., 2021",humanstudy,20,"N,N-diethyl-3-methylbenzamide",Nitrogen containing,17,,
d11,c267,302,270,"Ueland et al., 2021",humanstudy,20,(methyldisulfanyl)methane,Sulphur containing,18,,
d11,c269,302,272,"Ueland et al., 2021",humanstudy,20,(methyltrisulfanyl)methane,Sulphur containing,18,,
d11,c60,302,63,"Ueland et al., 2021",humanstudy,20,dotriacontane,Alkane,6,,
d11,c67,302,70,"Ueland et al., 2021",humanstudy,20,icosane,Alkane,6,,
d11,c143,302,146,"Ueland et al., 2021",humanstudy,20,ethyl acetate,Ester,12,,
d11,c97,302,100,"Ueland et al., 2021",humanstudy,20,ethylbenzene,Aromatic,8,,
d11,c107,302,110,"Ueland et al., 2021",humanstudy,20,ethylcyclopropane,Cycloalkane,10,,
d11,c108,302,111,"Ueland et al., 2021",humanstudy,20,ethylidenecyclopropane,Cycloalkane,10,,
d11,c29,302,32,"Ueland et al., 2021",humanstudy,20,formaldehyde,Aldehyde,5,,
d11,c366,302,381,"Ueland et al., 2021",humanstudy,20,furan,Ether,13,,
d11,c62,302,65,"Ueland et al., 2021",humanstudy,20,henicosane,Alkane,6,,
d11,c290,302,305,"Ueland et al., 2021",humanstudy,20,heptacosane,Alkane,6,,
d11,c30,302,33,"Ueland et al., 2021",humanstudy,20,heptanal,Aldehyde,5,,
d11,c64,302,67,"Ueland et al., 2021",humanstudy,20,heptane,Alkane,6,,
d11,c65,302,68,"Ueland et al., 2021",humanstudy,20,hexadecane,Alkane,6,,
d11,c31,302,34,"Ueland et al., 2021",humanstudy,20,hexanal,Aldehyde,5,,
d11,c254,302,257,"Ueland et al., 2021",humanstudy,20,hydrazine,Nitrogen containing,17,,
d11,c246,302,249,"Ueland et al., 2021",humanstudy,20,aminourea,Nitrogen containing,17,,
d11,c226,302,229,"Ueland et al., 2021",humanstudy,20,1-methyl-4-prop-1-en-2-ylcyclohexene,Monoterpene,16,,
d11,c90,302,93,"Ueland et al., 2021",humanstudy,20,1-methyl-3-propan-2-ylbenzene,Aromatic,8,,
d11,c233,302,236,"Ueland et al., 2021",humanstudy,20,"1,3,5,7-tetrazatricyclo[3.3.1.13,7]decane",Nitrogen containing,17,,
d11,c359,302,374,"Ueland et al., 2021",humanstudy,20,methyl tridecanoate,Ester,12,,
d11,c202,302,205,"Ueland et al., 2021",humanstudy,20,"methyl 2,2,2-trifluoroacetate",Halogenated,14,,
d11,c261,302,264,"Ueland et al., 2021",humanstudy,20,nitric oxide,Nitrogen containing,17,,
d11,c399,302,414,"Ueland et al., 2021",humanstudy,20,nitrous oxide,Nitrogen containing,17,,
d11,c68,302,71,"Ueland et al., 2021",humanstudy,20,nonadecane,Alkane,6,,
d11,c32,302,35,"Ueland et al., 2021",humanstudy,20,nonanal,Aldehyde,5,,
d11,c69,302,72,"Ueland et al., 2021",humanstudy,20,octane,Alkane,6,,
d11,c86,302,89,"Ueland et al., 2021",humanstudy,20,"1,2-xylene",Aromatic,8,,
d11,c292,302,307,"Ueland et al., 2021",humanstudy,20,pentadecane,Alkane,6,,
d11,c70,302,73,"Ueland et al., 2021",humanstudy,20,pentane,Alkane,6,,
d11,c98,302,101,"Ueland et al., 2021",humanstudy,20,ethynylbenzene,Aromatic,8,,
d11,c36,302,39,"Ueland et al., 2021",humanstudy,20,propanal,Aldehyde,5,,
d11,c283,302,286,"Ueland et al., 2021",humanstudy,20,sulfur dioxide,Sulphur containing,18,,
d11,c373,302,388,"Ueland et al., 2021",humanstudy,20,tetrachloromethane,Halogenated,14,,
d11,c293,302,308,"Ueland et al., 2021",humanstudy,20,tetracosane,Alkane,6,,
d11,c71,302,74,"Ueland et al., 2021",humanstudy,20,tetradecane,Alkane,6,,
d11,c100,302,103,"Ueland et al., 2021",humanstudy,20,toluene,Aromatic,8,,
d11,c204,302,207,"Ueland et al., 2021",humanstudy,20,trichloro(fluoro)methane,Halogenated,14,,
d11,c161,302,164,"Ueland et al., 2021",humanstudy,20,methyl undecanoate,Ester,12,,
s01,s02,1,452,Decomposition,decomp,1,Animal Decomposition,altdecomp,22,,
s02,sp02,452,453,Animal Decomposition,altdecomp,22,Pig studies,animal,23,,
sp02,d10,453,301,Pig studies,animal,23,"Dekeirsschieter et al., 2012",animalstudy,21,,
s03,c82,454,85,Plant studies,plant,24,heptadec-1-ene,Alkene,7,,
s03,c102,454,105,Plant studies,plant,24,2-hydroxyacetic acid,Carboxylic acid,9,,
s03,c51,454,54,Plant studies,plant,24,2-methylpentane,Alkane,6,,
s03,c80,454,83,Plant studies,plant,24,dec-1-ene,Alkene,7,,
s03,c23,454,26,Plant studies,plant,24,2-methylpropanal,Aldehyde,5,,
s03,c13,454,16,Plant studies,plant,24,pentan-1-ol,Alcohol,4,,
s03,c169,454,172,Plant studies,plant,24,propan-2-yl tetradecanoate,Ester,12,,
s03,c105,454,108,Plant studies,plant,24,formic acid,Carboxylic acid,9,,
s03,c16,454,19,Plant studies,plant,24,propan-1-ol,Alcohol,4,,
s03,c71,454,74,Plant studies,plant,24,tetradecane,Alkane,6,,
s03,c57,454,60,Plant studies,plant,24,4-methyltridecane,Alkane,6,,
s03,c185,454,188,Plant studies,plant,24,oxolan-2-ylmethanol,Ether,13,,
s03,c07,454,10,Plant studies,plant,24,butan-2-ol,Alcohol,4,,
s03,c137,454,140,Plant studies,plant,24,butyl propanoate,Ester,12,,
s03,c02,454,5,Plant studies,plant,24,(E)-pent-2-en-1-ol,Alcohol,4,,
s03,c21,454,24,Plant studies,plant,24,2-methylbutanal,Aldehyde,5,,
s03,c112,454,115,Plant studies,plant,24,"3,5,5-trimethylcyclohexene",Cycloalkene,11,,
s03,c67,454,70,Plant studies,plant,24,icosane,Alkane,6,,
s03,c47,454,50,Plant studies,plant,24,2-methyldecane,Alkane,6,,
s03,c228,454,231,Plant studies,plant,24,"2,2-dimethyl-3-methylidenebicyclo[2.2.1]heptane",Monoterpene,16,,
s03,c86,454,89,Plant studies,plant,24,"1,2-xylene",Aromatic,8,,
s03,c150,454,153,Plant studies,plant,24,methyl 2-oxopropanoate,Ester,12,,
s03,c204,454,207,Plant studies,plant,24,trichloro(fluoro)methane,Halogenated,14,,
s03,c65,454,68,Plant studies,plant,24,hexadecane,Alkane,6,,
s03,c59,454,62,Plant studies,plant,24,decane,Alkane,6,,
s03,c134,454,137,Plant studies,plant,24,butyl acetate,Ester,12,,
s03,c138,454,141,Plant studies,plant,24,"dibutyl benzene-1,2-dicarboxylate",Ester,12,,
s03,c223,454,226,Plant studies,plant,24,pentan-3-one,Ketone,15,,
s03,c104,454,107,Plant studies,plant,24,butanoic acid,Carboxylic acid,9,,
s03,c167,454,170,Plant studies,plant,24,propan-2-yl butanoate,Ester,12,,
s03,c146,454,149,Plant studies,plant,24,ethyl propanoate,Ester,12,,
s03,c139,454,142,Plant studies,plant,24,"diethyl benzene-1,2-dicarboxylate",Ester,12,,
s03,c123,454,126,Plant studies,plant,24,2-ethylhexyl 2-hydroxybenzoate,Ester,12,,
s03,c62,454,65,Plant studies,plant,24,henicosane,Alkane,6,,
s03,c213,454,216,Plant studies,plant,24,but-3-en-2-one,Ketone,15,,
s03,c30,454,33,Plant studies,plant,24,heptanal,Aldehyde,5,,
s03,c258,454,261,Plant studies,plant,24,"N,N-dimethylmethanamine",Nitrogen containing,17,,
s03,c44,454,47,Plant studies,plant,24,"2,6,10,14-tetramethylhexadecane",Alkane,6,,
s03,c287,454,290,Plant studies,plant,24,hexadec-1-ene,Terpene,19,,
s03,c229,454,232,Plant studies,plant,24,"2,6,6-trimethylbicyclo[3.1.1]hept-2-ene",Monoterpene,16,,
s03,c85,454,88,Plant studies,plant,24,"1,2,4-trimethylbenzene",Aromatic,8,,
s03,c50,454,53,Plant studies,plant,24,2-methylhexane,Alkane,6,,
s03,c32,454,35,Plant studies,plant,24,nonanal,Aldehyde,5,,
s03,c197,454,200,Plant studies,plant,24,chloroform,Halogenated,14,,
s03,c34,454,37,Plant studies,plant,24,pentanal,Aldehyde,5,,
s03,c48,454,51,Plant studies,plant,24,2-methyldodecane,Alkane,6,,
s03,c35,454,38,Plant studies,plant,24,prop-2-enal,Aldehyde,5,,
s03,c237,454,240,Plant studies,plant,24,"2,6-dimethylpyrazine",Nitrogen containing,17,,
s03,c178,454,181,Plant studies,plant,24,2-ethylfuran,Ether,13,,
s03,c172,454,175,Plant studies,plant,24,propyl butanoate,Ester,12,,
s03,c26,454,29,Plant studies,plant,24,benzaldehyde,Aldehyde,5,,
s03,c239,454,242,Plant studies,plant,24,2-aminoethanol,Nitrogen containing,17,,
s03,c145,454,148,Plant studies,plant,24,ethyl pentanoate,Ester,12,,
s03,c95,454,98,Plant studies,plant,24,cyclohexylbenzene,Aromatic,8,,
s03,c72,454,75,Plant studies,plant,24,tridecane,Alkane,6,,
s03,c25,454,28,Plant studies,plant,24,acetaldehyde,Aldehyde,5,,
s03,c64,454,67,Plant studies,plant,24,heptane,Alkane,6,,
s03,c99,454,102,Plant studies,plant,24,phenol,Aromatic,8,,
s03,c243,454,246,Plant studies,plant,24,3-methylpyridine,Nitrogen containing,17,,
s03,c284,454,287,Plant studies,plant,24,"(1aR,4aS,7R,7aR,7bS)-1,1,7-trimethyl-4-methylidene-2,3,4a,5,6,7,7a,7b-octahydro-1aH-cyclopropa[e]azulene",Terpene,19,,
s03,c285,454,288,Plant studies,plant,24,"1,1,7-trimethyl-4-methylidene-2,3,4a,5,6,7,7a,7b-octahydro-1aH-cyclopropa[e]azulene",Terpene,19,,
s03,c87,454,90,Plant studies,plant,24,"1,3-xylene",Aromatic,8,,
s03,c31,454,34,Plant studies,plant,24,hexanal,Aldehyde,5,,
s03,c250,454,253,Plant studies,plant,24,benzonitrile,Nitrogen containing,17,,
s03,c91,454,94,Plant studies,plant,24,"2,3-dihydrofuran",Aromatic,8,,
s03,c219,454,222,Plant studies,plant,24,pent-1-en-3-one,Ketone,15,,
s03,c133,454,136,Plant studies,plant,24,butyl 2-methylpropanoate,Ester,12,,
s03,c101,454,104,Plant studies,plant,24,(2S)-2-hydroxypropanoic acid,Carboxylic acid,9,,
s03,c92,454,95,Plant studies,plant,24,2-methyloxolane,Aromatic,8,,
s03,c14,454,17,Plant studies,plant,24,pentan-2-ol,Alcohol,4,,
s03,c235,454,238,Plant studies,plant,24,1H-pyrrole,Nitrogen containing,17,,
s03,c27,454,30,Plant studies,plant,24,decanal,Aldehyde,5,,
s03,c84,454,87,Plant studies,plant,24,oct-1-ene,Alkene,7,,
s03,c205,454,208,Plant studies,plant,24,1-phenylethanone,Ketone,15,,
s03,c151,454,154,Plant studies,plant,24,methyl acetate,Ester,12,,
s03,c251,454,254,Plant studies,plant,24,cyclobutanamine,Nitrogen containing,17,,
s03,c08,454,11,Plant studies,plant,24,ethanol,Alcohol,4,,
s03,c83,454,86,Plant studies,plant,24,hex-1-ene,Alkene,7,,
s03,c68,454,71,Plant studies,plant,24,nonadecane,Alkane,6,,
s03,c06,454,9,Plant studies,plant,24,butan-1-ol,Alcohol,4,,
s03,c278,454,281,Plant studies,plant,24,methanethiol,Sulphur containing,18,,
s03,c173,454,176,Plant studies,plant,24,propyl propanoate,Ester,12,,
s03,c131,454,134,Plant studies,plant,24,"bis(2-methylpropyl) benzene-1,2-dicarboxylate",Ester,12,,
s03,c106,454,109,Plant studies,plant,24,oxalic acid,Carboxylic acid,9,,
s03,c119,454,122,Plant studies,plant,24,"1-O-butyl 2-O-octyl benzene-1,2-dicarboxylate",Ester,12,,
s03,c261,454,264,Plant studies,plant,24,nitric oxide,Nitrogen containing,17,,
s03,c268,454,271,Plant studies,plant,24,(methyldisulfanyl)-methylsulfanylmethane,Sulphur containing,18,,
s03,c36,454,39,Plant studies,plant,24,propanal,Aldehyde,5,,
s03,c18,454,21,Plant studies,plant,24,(E)-hept-2-enal,Aldehyde,5,,
s03,c63,454,66,Plant studies,plant,24,heptadecane,Alkane,6,,
s03,c231,454,234,Plant studies,plant,24,4-methylidene-1-propan-2-ylbicyclo[3.1.0]hexane,Monoterpene,16,,
s03,c216,454,219,Plant studies,plant,24,heptan-3-one,Ketone,15,,
s03,c56,454,59,Plant studies,plant,24,3-methyltridecane,Alkane,6,,
s03,c115,454,118,Plant studies,plant,24,[(Z)-hex-3-enyl] acetate,Ester,12,,
s03,c33,454,36,Plant studies,plant,24,octanal,Aldehyde,5,,
s03,c158,454,161,Plant studies,plant,24,methyl hexanoate,Ester,12,,
s03,c176,454,179,Plant studies,plant,24,2-butylfuran,Ether,13,,
s03,c282,454,285,Plant studies,plant,24,S-methyl ethanethioate,Sulphur containing,18,,
s03,c144,454,147,Plant studies,plant,24,ethyl butanoate,Ester,12,,
s03,c70,454,73,Plant studies,plant,24,pentane,Alkane,6,,
s03,c142,454,145,Plant studies,plant,24,ethyl 4-methylpentanoate,Ester,12,,
s03,c225,454,228,Plant studies,plant,24,"(5S)-2-methyl-5-propan-2-ylcyclohexa-1,3-diene",Monoterpene,16,,
s03,c230,454,233,Plant studies,plant,24,"2-methyl-5-propan-2-ylcyclohexa-1,3-diene",Monoterpene,16,,
s03,c136,454,139,Plant studies,plant,24,butyl pentanoate,Ester,12,,
s03,c132,454,135,Plant studies,plant,24,butyl 2-methylbutanoate,Ester,12,,
s03,c61,454,64,Plant studies,plant,24,ethane,Alkane,6,,
s03,c17,454,20,Plant studies,plant,24,"propane-1,2,3-triol",Alcohol,4,,
s03,c05,454,8,Plant studies,plant,24,3-methylbutan-1-ol,Alcohol,4,,
s03,c168,454,171,Plant studies,plant,24,propan-2-yl decanoate,Ester,12,,
s03,c289,454,292,Plant studies,plant,24,styrene,Terpene,19,,
s03,c09,454,12,Plant studies,plant,24,hept-1-en-3-ol,Alcohol,4,,
s03,c272,454,275,Plant studies,plant,24,3-methylthiophene,Sulphur containing,18,,
s03,c275,454,278,Plant studies,plant,24,Carbon disulfide,Sulphur containing,18,,
s03,c129,454,132,Plant studies,plant,24,3-methyloxolan-2-one,Ester,12,,
s03,c60,454,63,Plant studies,plant,24,dotriacontane,Alkane,6,,
s03,c152,454,155,Plant studies,plant,24,methyl benzoate,Ester,12,,
s03,c215,454,218,Plant studies,plant,24,"butane-2,3-dione",Ketone,15,,
s03,c103,454,106,Plant studies,plant,24,acetic acid,Carboxylic acid,9,,
s03,c46,454,49,Plant studies,plant,24,2-methylbutane,Alkane,6,,
s03,c283,454,286,Plant studies,plant,24,sulfur dioxide,Sulphur containing,18,,
s03,c163,454,166,Plant studies,plant,24,pentyl 2-hydroxybenzoate,Ester,12,,
s03,c218,454,221,Plant studies,plant,24,octan-3-one,Ketone,15,,
s03,c160,454,163,Plant studies,plant,24,methyl propanoate,Ester,12,,
s03,c49,454,52,Plant studies,plant,24,2-methylheptadecane,Alkane,6,,
s03,c208,454,211,Plant studies,plant,24,3-hydroxybutan-2-one,Ketone,15,,
s03,c77,454,80,Plant studies,plant,24,"2-methylbuta-1,3-diene",Alkene,7,,
s03,c73,454,76,Plant studies,plant,24,undecane,Alkane,6,,
s03,c190,454,193,Plant studies,plant,24,1-iodo-2-methylundecane,Halogenated,14,,
s03,c96,454,99,Plant studies,plant,24,diphenylmethanone,Aromatic,8,,
s03,c212,454,215,Plant studies,plant,24,4-methylpent-3-en-2-one,Ketone,15,,
s03,c22,454,25,Plant studies,plant,24,2-methylprop-2-enal,Aldehyde,5,,
s03,c141,454,144,Plant studies,plant,24,ethyl 2-methylprop-2-enoate,Ester,12,,
s03,c211,454,214,Plant studies,plant,24,4-hydroxy-4-methylpentan-2-one,Ketone,15,,
s03,c209,454,212,Plant studies,plant,24,3-methylbutan-2-one,Ketone,15,,
s03,c69,454,72,Plant studies,plant,24,octane,Alkane,6,,
s03,c157,454,160,Plant studies,plant,24,methyl formate,Ester,12,,
s03,c224,454,227,Plant studies,plant,24,"pentane-2,3-dione",Ketone,15,,
s03,c98,454,101,Plant studies,plant,24,ethynylbenzene,Aromatic,8,,
s03,c94,454,97,Plant studies,plant,24,benzene,Aromatic,8,,
s03,c210,454,213,Plant studies,plant,24,3-methylpentan-2-one,Ketone,15,,
s03,c88,454,91,Plant studies,plant,24,"1,4-xylene",Aromatic,8,,
s03,c154,454,157,Plant studies,plant,24,methyl butanoate,Ester,12,,
s03,c66,454,69,Plant studies,plant,24,hexane,Alkane,6,,
s03,c180,454,183,Plant studies,plant,24,2-methylfuran,Ether,13,,
s03,c279,454,282,Plant studies,plant,24,methyl thiocyanate,Sulphur containing,18,,
s03,c130,454,133,Plant studies,plant,24,acetyl acetate,Ester,12,,
s03,c20,454,23,Plant studies,plant,24,2-hydroxyacetaldehyde,Aldehyde,5,,
s03,c267,454,270,Plant studies,plant,24,(methyldisulfanyl)methane,Sulphur containing,18,,
s03,c29,454,32,Plant studies,plant,24,formaldehyde,Aldehyde,5,,
s03,c114,454,117,Plant studies,plant,24,"(3,3,5-trimethylcyclohexyl) 2-hydroxybenzoate",Ester,12,,
s03,c232,454,235,Plant studies,plant,24,"6,6-dimethyl-2-methylidenebicyclo[3.1.1]heptane",Monoterpene,16,,
s03,c227,454,230,Plant studies,plant,24,2-(4-methylcyclohex-3-en-1-yl)propan-2-ol,Monoterpene,16,,
s03,c89,454,92,Plant studies,plant,24,1-methyl-2-propan-2-ylbenzene,Aromatic,8,,
s03,c90,454,93,Plant studies,plant,24,1-methyl-3-propan-2-ylbenzene,Aromatic,8,,
s03,c143,454,146,Plant studies,plant,24,ethyl acetate,Ester,12,,
s03,c110,454,113,Plant studies,plant,24,(4S)-1-methyl-4-prop-1-en-2-ylcyclohexene,Cycloalkene,11,,
s03,c226,454,229,Plant studies,plant,24,1-methyl-4-prop-1-en-2-ylcyclohexene,Monoterpene,16,,
s03,c222,454,225,Plant studies,plant,24,pentan-2-one,Ketone,15,,
s03,c161,454,164,Plant studies,plant,24,methyl undecanoate,Ester,12,,
s03,c263,454,266,Plant studies,plant,24,urea,Nitrogen containing,17,,
s03,c41,454,44,Plant studies,plant,24,"2,3,5,8-tetramethyldecane",Alkane,6,,
s03,c135,454,138,Plant studies,plant,24,butyl butanoate,Ester,12,,
s03,c264,454,267,Plant studies,plant,24,(2R)-2-amino-3-sulfopropanoic acid,Sulphur containing,18,,
s03,c15,454,18,Plant studies,plant,24,prop-2-en-1-ol,Alcohol,4,,
s03,c24,454,27,Plant studies,plant,24,3-methylbutanal,Aldehyde,5,,
s03,c03,454,6,Plant studies,plant,24,2-ethylhexan-1-ol,Alcohol,4,,
s03,c171,454,174,Plant studies,plant,24,propyl acetate,Ester,12,,
s03,c148,454,151,Plant studies,plant,24,methyl 2-oxo-2-phenylacetate,Ester,12,,
s03,c97,454,100,Plant studies,plant,24,ethylbenzene,Aromatic,8,,
s03,c156,454,159,Plant studies,plant,24,methyl decanoate,Ester,12,,
s03,c181,454,184,Plant studies,plant,24,2-pentylfuran,Ether,13,,
s03,c269,454,272,Plant studies,plant,24,(methyltrisulfanyl)methane,Sulphur containing,18,,
s03,c100,454,103,Plant studies,plant,24,toluene,Aromatic,8,,
s03,c81,454,84,Plant studies,plant,24,hept-1-ene,Alkene,7,,
s03,c12,454,15,Plant studies,plant,24,pent-4-en-2-ol,Alcohol,4,,
s03,c217,454,220,Plant studies,plant,24,octan-2-one,Ketone,15,,
s03,c11,454,14,Plant studies,plant,24,hexan-1-ol,Alcohol,4,,
s03,c214,454,217,Plant studies,plant,24,butan-2-one,Ketone,15,,
s03,c04,454,7,Plant studies,plant,24,2-methylpropan-1-ol,Alcohol,4,,
sp01,d14,2,455,Human Decomposition,human,2,Sandi's skeletons,sskel,25,human -> sandilong,2
d14,c16,455,19,Sandi's skeletons,sskel,25,propan-1-ol,Alcohol,4,,
d14,c349,455,364,Sandi's skeletons,sskel,25,propanoic acid,Carboxylic acid,9,,
d14,c345,455,360,Sandi's skeletons,sskel,25,3-methylbutanoic acid,Carboxylic acid,9,,
d14,c402,455,417,Sandi's skeletons,sskel,25,pyridine,Nitrogen containing,17,,
d14,c412,455,427,Sandi's skeletons,sskel,25,methylsulfanylmethane,Sulphur containing,18,,
d14,c300,455,315,Sandi's skeletons,sskel,25,"1,2,3-trimethylbenzene",Aromatic,8,,
d14,c89,455,92,Sandi's skeletons,sskel,25,1-methyl-2-propan-2-ylbenzene,Aromatic,8,,
d14,c180,455,183,Sandi's skeletons,sskel,25,2-methylfuran,Ether,13,,
d14,c90,455,93,Sandi's skeletons,sskel,25,1-methyl-3-propan-2-ylbenzene,Aromatic,8,,
d14,c98,455,101,Sandi's skeletons,sskel,25,ethynylbenzene,Aromatic,8,,
d14,c284,455,287,Sandi's skeletons,sskel,25,"(1aR,4aS,7R,7aR,7bS)-1,1,7-trimethyl-4-methylidene-2,3,4a,5,6,7,7a,7b-octahydro-1aH-cyclopropa[e]azulene",Terpene,19,,
d14,c369,455,384,Sandi's skeletons,sskel,25,"1,2-dichloroethene",Halogenated,14,,
d14,c113,455,116,Sandi's skeletons,sskel,25,"cyclohepta-1,3,5-triene",Cycloalkene,11,,
d14,c65,455,68,Sandi's skeletons,sskel,25,hexadecane,Alkane,6,,
d14,c60,455,63,Sandi's skeletons,sskel,25,dotriacontane,Alkane,6,,
d14,c56,455,59,Sandi's skeletons,sskel,25,3-methyltridecane,Alkane,6,,
d14,c160,455,163,Sandi's skeletons,sskel,25,methyl propanoate,Ester,12,,
d14,c279,455,282,Sandi's skeletons,sskel,25,methyl thiocyanate,Sulphur containing,18,,
d14,c283,455,286,Sandi's skeletons,sskel,25,sulfur dioxide,Sulphur containing,18,,
d14,c209,455,212,Sandi's skeletons,sskel,25,3-methylbutan-2-one,Ketone,15,,
d14,c210,455,213,Sandi's skeletons,sskel,25,3-methylpentan-2-one,Ketone,15,,
d14,c206,455,209,Sandi's skeletons,sskel,25,"1-phenylpropane-1,2-dione",Ketone,15,,
d14,c100,455,103,Sandi's skeletons,sskel,25,toluene,Aromatic,8,,
d14,c258,455,261,Sandi's skeletons,sskel,25,"N,N-dimethylmethanamine",Nitrogen containing,17,,
d14,c55,455,58,Sandi's skeletons,sskel,25,3-methylhexane,Alkane,6,,
d14,c43,455,46,Sandi's skeletons,sskel,25,"2,4-dimethylhexane",Alkane,6,,
d14,c39,455,42,Sandi's skeletons,sskel,25,"2,2-dimethylhexane",Alkane,6,,
d14,c24,455,27,Sandi's skeletons,sskel,25,3-methylbutanal,Aldehyde,5,,
d14,c50,455,53,Sandi's skeletons,sskel,25,2-methylhexane,Alkane,6,,
d14,c377,455,392,Sandi's skeletons,sskel,25,hexan-2-one,Ketone,15,,
d14,c83,455,86,Sandi's skeletons,sskel,25,hex-1-ene,Alkene,7,,
d14,c81,455,84,Sandi's skeletons,sskel,25,hept-1-ene,Alkene,7,,
d14,c297,455,312,Sandi's skeletons,sskel,25,hept-2-ene,Alkene,7,,
d14,c290,455,305,Sandi's skeletons,sskel,25,heptacosane,Alkane,6,,
d14,c256,455,259,Sandi's skeletons,sskel,25,isocyanomethane,Nitrogen containing,17,,
d14,c37,455,40,Sandi's skeletons,sskel,25,"2,2,3,3-tetramethylbutane",Alkane,6,,
d14,c57,455,60,Sandi's skeletons,sskel,25,4-methyltridecane,Alkane,6,,
d14,c224,455,227,Sandi's skeletons,sskel,25,"pentane-2,3-dione",Ketone,15,,
d14,c301,455,316,Sandi's skeletons,sskel,25,1-ethyl-2-methylbenzene,Aromatic,8,,
d14,c249,455,252,Sandi's skeletons,sskel,25,benzohydrazide,Nitrogen containing,17,,
d14,c140,455,143,Sandi's skeletons,sskel,25,dimethyl carbonate,Ester,12,,
d14,c272,455,275,Sandi's skeletons,sskel,25,3-methylthiophene,Sulphur containing,18,,
d14,c154,455,157,Sandi's skeletons,sskel,25,methyl butanoate,Ester,12,,
d14,c257,455,260,Sandi's skeletons,sskel,25,methyl nitrite,Nitrogen containing,17,,
d14,c267,455,270,Sandi's skeletons,sskel,25,(methyldisulfanyl)methane,Sulphur containing,18,,
d14,c12,455,15,Sandi's skeletons,sskel,25,pent-4-en-2-ol,Alcohol,4,,
d14,c389,455,404,Sandi's skeletons,sskel,25,"2,5-dimethyl-1H-pyrrole",Nitrogen containing,17,,
d14,c72,455,75,Sandi's skeletons,sskel,25,tridecane,Alkane,6,,
d14,c71,455,74,Sandi's skeletons,sskel,25,tetradecane,Alkane,6,,
d14,c292,455,307,Sandi's skeletons,sskel,25,pentadecane,Alkane,6,,
d14,c287,455,290,Sandi's skeletons,sskel,25,hexadec-1-ene,Terpene,19,,
d14,c63,455,66,Sandi's skeletons,sskel,25,heptadecane,Alkane,6,,
d14,c68,455,71,Sandi's skeletons,sskel,25,nonadecane,Alkane,6,,
d14,c62,455,65,Sandi's skeletons,sskel,25,henicosane,Alkane,6,,
d14,c293,455,308,Sandi's skeletons,sskel,25,tetracosane,Alkane,6,,
d14,c378,455,393,Sandi's skeletons,sskel,25,nonan-2-one,Ketone,15,,
d14,c95,455,98,Sandi's skeletons,sskel,25,cyclohexylbenzene,Aromatic,8,,
d14,c384,455,399,Sandi's skeletons,sskel,25,6-methylheptan-2-one,Ketone,15,,
d14,c288,455,291,Sandi's skeletons,sskel,25,"spiro[2.4]hepta-4,6-diene",Terpene,19,,
d14,c109,455,112,Sandi's skeletons,sskel,25,propan-2-ylcyclopropane,Cycloalkane,10,,
d14,c52,455,55,Sandi's skeletons,sskel,25,"3,5-dimethyloctane",Alkane,6,,
d14,c108,455,111,Sandi's skeletons,sskel,25,ethylidenecyclopropane,Cycloalkane,10,,
d14,c73,455,76,Sandi's skeletons,sskel,25,undecane,Alkane,6,,
d14,c261,455,264,Sandi's skeletons,sskel,25,nitric oxide,Nitrogen containing,17,,
d14,c232,455,235,Sandi's skeletons,sskel,25,"6,6-dimethyl-2-methylidenebicyclo[3.1.1]heptane",Monoterpene,16,,
d14,c49,455,52,Sandi's skeletons,sskel,25,2-methylheptadecane,Alkane,6,,
d14,c313,455,328,Sandi's skeletons,sskel,25,2-methyltridecane,Alkane,6,,
d14,c48,455,51,Sandi's skeletons,sskel,25,2-methyldodecane,Alkane,6,,
d14,c219,455,222,Sandi's skeletons,sskel,25,pent-1-en-3-one,Ketone,15,,
d14,c368,455,383,Sandi's skeletons,sskel,25,"1,1-dichloro-1-fluoroethane",Halogenated,14,,
d14,c59,455,62,Sandi's skeletons,sskel,25,decane,Alkane,6,,
d14,c184,455,187,Sandi's skeletons,sskel,25,methoxy(trimethyl)silane,Ether,13,,
d14,c103,455,106,Sandi's skeletons,sskel,25,acetic acid,Carboxylic acid,9,,
d14,c25,455,28,Sandi's skeletons,sskel,25,acetaldehyde,Aldehyde,5,,
d14,c309,455,324,Sandi's skeletons,sskel,25,4-methyldecane,Alkane,6,,
d14,c178,455,181,Sandi's skeletons,sskel,25,2-ethylfuran,Ether,13,,
d14,c19,455,22,Sandi's skeletons,sskel,25,"1,4-dioxane-2,5-diol",Aldehyde,5,,
d14,c231,455,234,Sandi's skeletons,sskel,25,4-methylidene-1-propan-2-ylbicyclo[3.1.0]hexane,Monoterpene,16,,
d14,c322,455,337,Sandi's skeletons,sskel,25,oct-1-en-3-ol,Alcohol,4,,
d14,c181,455,184,Sandi's skeletons,sskel,25,2-pentylfuran,Ether,13,,
d14,c286,455,289,Sandi's skeletons,sskel,25,"2,6,10-trimethyldodecane",Terpene,19,,
d14,c326,455,341,Sandi's skeletons,sskel,25,2-butyloctan-1-ol,Alcohol,4,,
d14,c176,455,179,Sandi's skeletons,sskel,25,2-butylfuran,Ether,13,,
d14,c09,455,12,Sandi's skeletons,sskel,25,hept-1-en-3-ol,Alcohol,4,,
d14,c226,455,229,Sandi's skeletons,sskel,25,1-methyl-4-prop-1-en-2-ylcyclohexene,Monoterpene,16,,
d14,c116,455,119,Sandi's skeletons,sskel,25,"[2,2,4-trimethyl-3-(2-methylpropanoyloxy)pentyl] 2-methylpropanoate",Ester,12,,
d14,c47,455,50,Sandi's skeletons,sskel,25,2-methyldecane,Alkane,6,,
d14,c314,455,329,Sandi's skeletons,sskel,25,2-methylundecane,Alkane,6,,
d14,c26,455,29,Sandi's skeletons,sskel,25,benzaldehyde,Aldehyde,5,,
d14,c94,455,97,Sandi's skeletons,sskel,25,benzene,Aromatic,8,,
d14,c334,455,349,Sandi's skeletons,sskel,25,phenylmethanol,Alcohol,4,,
d14,c255,455,258,Sandi's skeletons,sskel,25,Hydrogen azide,Nitrogen containing,17,,
d14,c218,455,221,Sandi's skeletons,sskel,25,octan-3-one,Ketone,15,,
d14,c341,455,356,Sandi's skeletons,sskel,25,butanal,Aldehyde,5,,
d14,c06,455,9,Sandi's skeletons,sskel,25,butan-1-ol,Alcohol,4,,
d14,c320,455,335,Sandi's skeletons,sskel,25,hexadecan-1-ol,Alcohol,4,,
d14,c54,455,57,Sandi's skeletons,sskel,25,"3-ethyl-2,2-dimethylpentane",Alkane,6,,
d14,c306,455,321,Sandi's skeletons,sskel,25,"2,6,10,14-tetramethylheptadecane",Alkane,6,,
d14,c138,455,141,Sandi's skeletons,sskel,25,"dibutyl benzene-1,2-dicarboxylate",Ester,12,,
d14,c96,455,99,Sandi's skeletons,sskel,25,diphenylmethanone,Aromatic,8,,
d14,c381,455,396,Sandi's skeletons,sskel,25,heptan-4-one,Ketone,15,,
d14,c211,455,214,Sandi's skeletons,sskel,25,4-hydroxy-4-methylpentan-2-one,Ketone,15,,
d14,c05,455,8,Sandi's skeletons,sskel,25,3-methylbutan-1-ol,Alcohol,4,,
d14,c134,455,137,Sandi's skeletons,sskel,25,butyl acetate,Ester,12,,
d14,c294,455,309,Sandi's skeletons,sskel,25,non-1-ene,Alkene,7,,
d14,c32,455,35,Sandi's skeletons,sskel,25,nonanal,Aldehyde,5,,
d14,c194,455,197,Sandi's skeletons,sskel,25,2-chloroethanol,Halogenated,14,,
d14,c69,455,72,Sandi's skeletons,sskel,25,octane,Alkane,6,,
d14,c45,455,48,Sandi's skeletons,sskel,25,"2,6,11-trimethyldodecane",Alkane,6,,
d14,c414,455,429,Sandi's skeletons,sskel,25,sulfane,Sulphur containing,18,,
d14,c233,455,236,Sandi's skeletons,sskel,25,"1,3,5,7-tetrazatricyclo[3.3.1.13,7]decane",Nitrogen containing,17,,
d14,c394,455,409,Sandi's skeletons,sskel,25,"N,N-diethyl-3-methylbenzamide",Nitrogen containing,17,,
d14,c110,455,113,Sandi's skeletons,sskel,25,(4S)-1-methyl-4-prop-1-en-2-ylcyclohexene,Cycloalkene,11,,
d14,c33,455,36,Sandi's skeletons,sskel,25,octanal,Aldehyde,5,,
d14,c195,455,198,Sandi's skeletons,sskel,25,2-iodo-3-methylbutane,Halogenated,14,,
d14,c246,455,249,Sandi's skeletons,sskel,25,aminourea,Nitrogen containing,17,,
d14,c36,455,39,Sandi's skeletons,sskel,25,propanal,Aldehyde,5,,
d14,c421,455,436,Sandi's skeletons,sskel,25,(E)-hex-2-enal,Aldehyde,5,,
d14,c266,455,269,Sandi's skeletons,sskel,25,"(3Z)-3-(6H-benzo[c][1]benzothiepin-11-ylidene)-N,N-dimethylpropan-1-amine",Sulphur containing,18,,
d14,c422,455,437,Sandi's skeletons,sskel,25,"(2E,4E)-hepta-2,4-dienal",Aldehyde,5,,
d14,c182,455,185,Sandi's skeletons,sskel,25,"3,3,6,6-tetramethyl-1,2,4,5-tetraoxane",Ether,13,,
d14,c115,455,118,Sandi's skeletons,sskel,25,[(Z)-hex-3-enyl] acetate,Ester,12,,
d14,c298,455,313,Sandi's skeletons,sskel,25,(E)-oct-2-ene,Alkene,7,,
d14,c02,455,5,Sandi's skeletons,sskel,25,(E)-pent-2-en-1-ol,Alcohol,4,,
d14,c221,455,224,Sandi's skeletons,sskel,25,"penta-1,4-dien-3-one",Ketone,15,,
d14,c190,455,193,Sandi's skeletons,sskel,25,1-iodo-2-methylundecane,Halogenated,14,,
d14,c41,455,44,Sandi's skeletons,sskel,25,"2,3,5,8-tetramethyldecane",Alkane,6,,
d14,c42,455,45,Sandi's skeletons,sskel,25,"2,4,6-trimethyloctane",Alkane,6,,
d14,c252,455,255,Sandi's skeletons,sskel,25,ethyl (NE)-N-ethoxycarbonyliminocarbamate,Nitrogen containing,17,,
d14,c273,455,276,Sandi's skeletons,sskel,25,"8-oxo-14,15-diazatetracyclo[7.6.1.02,7.013,16]hexadeca-1(16),2,4,6,9,11,13-heptaene-12-sulfonic acid",Sulphur containing,18,,
d14,c373,455,388,Sandi's skeletons,sskel,25,tetrachloromethane,Halogenated,14,,
d14,c31,455,34,Sandi's skeletons,sskel,25,hexanal,Aldehyde,5,,
d14,c197,455,200,Sandi's skeletons,sskel,25,chloroform,Halogenated,14,,
d14,c434,455,449,Sandi's skeletons,sskel,25,"(3E)-penta-1,3-diene",Alkene,7,,
d14,c13,455,16,Sandi's skeletons,sskel,25,pentan-1-ol,Alcohol,4,,
d14,c61,455,64,Sandi's skeletons,sskel,25,ethane,Alkane,6,,
d14,c245,455,248,Sandi's skeletons,sskel,25,acetonitrile,Nitrogen containing,17,,
d14,c275,455,278,Sandi's skeletons,sskel,25,Carbon disulfide,Sulphur containing,18,,
d14,c74,455,77,Sandi's skeletons,sskel,25,(E)-hex-3-ene,Alkene,7,,
d14,c431,455,446,Sandi's skeletons,sskel,25,(E)-oct-3-ene,Alkene,7,,
d14,c204,455,207,Sandi's skeletons,sskel,25,trichloro(fluoro)methane,Halogenated,14,,
d14,c122,455,125,Sandi's skeletons,sskel,25,1-O-nonyl 2-O-prop-2-enyl oxalate,Ester,12,,
d14,c128,455,131,Sandi's skeletons,sskel,25,2-O-(2-methylpropyl) 1-O-nonyl oxalate,Ester,12,,
d14,c187,455,190,Sandi's skeletons,sskel,25,"1,1,2-trichloro-1,2,2-trifluoroethane",Halogenated,14,,
d14,c371,455,386,Sandi's skeletons,sskel,25,"1,2-dichloro-1,1,2,2-tetrafluoroethane",Halogenated,14,,
d14,c215,455,218,Sandi's skeletons,sskel,25,"butane-2,3-dione",Ketone,15,,
d14,c46,455,49,Sandi's skeletons,sskel,25,2-methylbutane,Alkane,6,,
d14,c77,455,80,Sandi's skeletons,sskel,25,"2-methylbuta-1,3-diene",Alkene,7,,
d14,c04,455,7,Sandi's skeletons,sskel,25,2-methylpropan-1-ol,Alcohol,4,,
d14,c23,455,26,Sandi's skeletons,sskel,25,2-methylpropanal,Aldehyde,5,,
d14,c22,455,25,Sandi's skeletons,sskel,25,2-methylprop-2-enal,Aldehyde,5,,
d14,c07,455,10,Sandi's skeletons,sskel,25,butan-2-ol,Alcohol,4,,
d14,c214,455,217,Sandi's skeletons,sskel,25,butan-2-one,Ketone,15,,
d14,c213,455,216,Sandi's skeletons,sskel,25,but-3-en-2-one,Ketone,15,,
d14,c151,455,154,Sandi's skeletons,sskel,25,methyl acetate,Ester,12,,
d14,c236,455,239,Sandi's skeletons,sskel,25,1-nitroethane,Nitrogen containing,17,,
d14,c343,455,358,Sandi's skeletons,sskel,25,2-methylpropanoic acid,Carboxylic acid,9,,
d14,c228,455,231,Sandi's skeletons,sskel,25,"2,2-dimethyl-3-methylidenebicyclo[2.2.1]heptane",Monoterpene,16,,
d14,c229,455,232,Sandi's skeletons,sskel,25,"2,6,6-trimethylbicyclo[3.1.1]hept-2-ene",Monoterpene,16,,
d14,c188,455,191,Sandi's skeletons,sskel,25,"1,2,4-trifluorobenzene",Halogenated,14,,
d14,c118,455,121,Sandi's skeletons,sskel,25,"1-O-butyl 2-O-(2-ethylhexyl) benzene-1,2-dicarboxylate",Ester,12,,
d14,c302,455,317,Sandi's skeletons,sskel,25,"bicyclo[4.2.0]octa-1,3,5-triene",Aromatic,8,,
d14,c107,455,110,Sandi's skeletons,sskel,25,ethylcyclopropane,Cycloalkane,10,,
d14,c91,455,94,Sandi's skeletons,sskel,25,"2,3-dihydrofuran",Aromatic,8,,
d14,c29,455,32,Sandi's skeletons,sskel,25,formaldehyde,Aldehyde,5,,
d14,c253,455,256,Sandi's skeletons,sskel,25,formamide,Nitrogen containing,17,,
d14,c152,455,155,Sandi's skeletons,sskel,25,methyl benzoate,Ester,12,,
d14,c86,455,89,Sandi's skeletons,sskel,25,"1,2-xylene",Aromatic,8,,
d14,c85,455,88,Sandi's skeletons,sskel,25,"1,2,4-trimethylbenzene",Aromatic,8,,
d14,c308,455,323,Sandi's skeletons,sskel,25,3-methylpentane,Alkane,6,,
d14,c21,455,24,Sandi's skeletons,sskel,25,2-methylbutanal,Aldehyde,5,,
d14,c223,455,226,Sandi's skeletons,sskel,25,pentan-3-one,Ketone,15,,
d14,c264,455,267,Sandi's skeletons,sskel,25,(2R)-2-amino-3-sulfopropanoic acid,Sulphur containing,18,,
d14,c159,455,162,Sandi's skeletons,sskel,25,methyl prop-2-enoate,Ester,12,,
d14,c428,455,443,Sandi's skeletons,sskel,25,methylcyclopentane,Cycloalkane,10,,
d14,c127,455,130,Sandi's skeletons,sskel,25,2-methylpropanoyl 2-methylpropanoate,Ester,12,,
d14,c133,455,136,Sandi's skeletons,sskel,25,butyl 2-methylpropanoate,Ester,12,,
d14,c205,455,208,Sandi's skeletons,sskel,25,1-phenylethanone,Ketone,15,,
d14,c97,455,100,Sandi's skeletons,sskel,25,ethylbenzene,Aromatic,8,,
d14,c289,455,292,Sandi's skeletons,sskel,25,styrene,Terpene,19,,
d14,c250,455,253,Sandi's skeletons,sskel,25,benzonitrile,Nitrogen containing,17,,
d14,c20,455,23,Sandi's skeletons,sskel,25,2-hydroxyacetaldehyde,Aldehyde,5,,
d14,c102,455,105,Sandi's skeletons,sskel,25,2-hydroxyacetic acid,Carboxylic acid,9,,
d14,c430,455,445,Sandi's skeletons,sskel,25,propylbenzene,Aromatic,8,,
d14,c03,455,6,Sandi's skeletons,sskel,25,2-ethylhexan-1-ol,Alcohol,4,,
d14,c216,455,219,Sandi's skeletons,sskel,25,heptan-3-one,Ketone,15,,
d14,c88,455,91,Sandi's skeletons,sskel,25,"1,4-xylene",Aromatic,8,,
d14,c35,455,38,Sandi's skeletons,sskel,25,prop-2-enal,Aldehyde,5,,
d14,c240,455,243,Sandi's skeletons,sskel,25,2-hydroxyacetonitrile,Nitrogen containing,17,,
d14,c157,455,160,Sandi's skeletons,sskel,25,methyl formate,Ester,12,,
d14,c51,455,54,Sandi's skeletons,sskel,25,2-methylpentane,Alkane,6,,
d14,c222,455,225,Sandi's skeletons,sskel,25,pentan-2-one,Ketone,15,,
d14,c111,455,114,Sandi's skeletons,sskel,25,"3,3,5-trimethylcyclohexene",Cycloalkene,11,,
d14,c382,455,397,Sandi's skeletons,sskel,25,4-methylpentan-2-one,Ketone,15,,
d14,c10,455,13,Sandi's skeletons,sskel,25,"hexa-1,5-dien-3-ol",Alcohol,4,,
d14,c112,455,115,Sandi's skeletons,sskel,25,"3,5,5-trimethylcyclohexene",Cycloalkene,11,,
d14,c164,455,167,Sandi's skeletons,sskel,25,prop-1-en-2-yl acetate,Ester,12,,
d14,c130,455,133,Sandi's skeletons,sskel,25,acetyl acetate,Ester,12,,
d14,c87,455,90,Sandi's skeletons,sskel,25,"1,3-xylene",Aromatic,8,,
d14,c316,455,331,Sandi's skeletons,sskel,25,methylcyclohexane,Cycloalkane,10,,
d14,c426,455,441,Sandi's skeletons,sskel,25,cyclohexanone,Ketone,15,,
d14,c243,455,246,Sandi's skeletons,sskel,25,3-methylpyridine,Nitrogen containing,17,,
d14,c396,455,411,Sandi's skeletons,sskel,25,1H-indole,Nitrogen containing,17,,
d14,c135,455,138,Sandi's skeletons,sskel,25,butyl butanoate,Ester,12,,
d14,c171,455,174,Sandi's skeletons,sskel,25,propyl acetate,Ester,12,,
d14,c70,455,73,Sandi's skeletons,sskel,25,pentane,Alkane,6,,
d14,c28,455,31,Sandi's skeletons,sskel,25,dimethoxymethane,Aldehyde,5,,
d14,c235,455,238,Sandi's skeletons,sskel,25,1H-pyrrole,Nitrogen containing,17,,
d14,c366,455,381,Sandi's skeletons,sskel,25,furan,Ether,13,,
d14,c376,455,391,Sandi's skeletons,sskel,25,heptan-2-one,Ketone,15,,
d14,c66,455,69,Sandi's skeletons,sskel,25,hexane,Alkane,6,,
d14,c34,455,37,Sandi's skeletons,sskel,25,pentanal,Aldehyde,5,,
d14,c429,455,444,Sandi's skeletons,sskel,25,cyclohexane,Cycloalkane,10,,
d14,c217,455,220,Sandi's skeletons,sskel,25,octan-2-one,Ketone,15,,
d14,c11,455,14,Sandi's skeletons,sskel,25,hexan-1-ol,Alcohol,4,,
d14,c84,455,87,Sandi's skeletons,sskel,25,oct-1-ene,Alkene,7,,
d14,c30,455,33,Sandi's skeletons,sskel,25,heptanal,Aldehyde,5,,
d14,c291,455,306,Sandi's skeletons,sskel,25,nonane,Alkane,6,,
d14,c323,455,338,Sandi's skeletons,sskel,25,2-(2-ethoxyethoxy)ethanol,Alcohol,4,,
d14,c380,455,395,Sandi's skeletons,sskel,25,undecan-2-one,Ketone,15,,
d14,c27,455,30,Sandi's skeletons,sskel,25,decanal,Aldehyde,5,,
d14,c67,455,70,Sandi's skeletons,sskel,25,icosane,Alkane,6,,
d14,c78,455,81,Sandi's skeletons,sskel,25,2-methylprop-1-ene,Alkene,7,,
d14,c114,455,117,Sandi's skeletons,sskel,25,"(3,3,5-trimethylcyclohexyl) 2-hydroxybenzoate",Ester,12,,
d14,c123,455,126,Sandi's skeletons,sskel,25,2-ethylhexyl 2-hydroxybenzoate,Ester,12,,
d14,c274,455,277,Sandi's skeletons,sskel,25,aminomethanesulfonic acid,Sulphur containing,18,,
d14,c342,455,357,Sandi's skeletons,sskel,25,2-ethylhexanoic acid,Carboxylic acid,9,,
d14,c278,455,281,Sandi's skeletons,sskel,25,methanethiol,Sulphur containing,18,,
d14,c143,455,146,Sandi's skeletons,sskel,25,ethyl acetate,Ester,12,,
d14,c212,455,215,Sandi's skeletons,sskel,25,4-methylpent-3-en-2-one,Ketone,15,,
d14,c64,455,67,Sandi's skeletons,sskel,25,heptane,Alkane,6,,
d14,c248,455,251,Sandi's skeletons,sskel,25,aziridine,Nitrogen containing,17,,
d14,c285,455,288,Sandi's skeletons,sskel,25,"1,1,7-trimethyl-4-methylidene-2,3,4a,5,6,7,7a,7b-octahydro-1aH-cyclopropa[e]azulene",Terpene,19,,
d14,c191,455,194,Sandi's skeletons,sskel,25,"1-O-butyl 2-O-(2-chloropropyl) benzene-1,2-dicarboxylate",Halogenated,14,,
d14,c170,455,173,Sandi's skeletons,sskel,25,propyl 2-hydroxypropanoate,Ester,12,,
d14,c58,455,61,Sandi's skeletons,sskel,25,6-methyloctadecane,Alkane,6,,
d14,c303,455,318,Sandi's skeletons,sskel,25,naphthalene,Aromatic,8,,
d14,c254,455,257,Sandi's skeletons,sskel,25,hydrazine,Nitrogen containing,17,,
d14,c399,455,414,Sandi's skeletons,sskel,25,nitrous oxide,Nitrogen containing,17,,
d14,c198,455,201,Sandi's skeletons,sskel,25,difluoro(dimethyl)silane,Halogenated,14,,
d14,c189,455,192,Sandi's skeletons,sskel,25,"1,3,5-trifluorobenzene",Halogenated,14,,
d14,c129,455,132,Sandi's skeletons,sskel,25,3-methyloxolan-2-one,Ester,12,,
d14,c383,455,398,Sandi's skeletons,sskel,25,6-methylhept-5-en-2-one,Ketone,15,,
d14,c186,455,189,Sandi's skeletons,sskel,25,"1,1,1-trifluoropropan-2-one",Halogenated,14,,
d14,c99,455,102,Sandi's skeletons,sskel,25,phenol,Aromatic,8,,
d04,c296,295,311,"Rosier et al., 2014",humanstudy,20,undec-1-ene,Alkene,7,,
d06,c296,297,311,"Statheropoulos et al., 2007",humanstudy,20,undec-1-ene,Alkene,7,,
d04,c319,295,334,"Rosier et al., 2014",humanstudy,20,heptan-1-ol,Alcohol,4,,
d10,c319,301,334,"Dekeirsschieter et al., 2012",animalstudy,21,heptan-1-ol,Alcohol,4,,
d04,c353,295,368,"Rosier et al., 2014",humanstudy,20,ethyl octanoate,Ester,12,,
d07,c357,298,372,"Vass et al., 2008",humanstudy,20,methyl hexadecanoate,Ester,12,,
d08,c357,299,372,"Vass, 2012",humanstudy,20,methyl hexadecanoate,Ester,12,,
d02,c372,293,387,"Rosier et al., 2015",humanstudy,20,"1,1,2,2-tetrachloroethene",Halogenated,14,,
d03,c372,294,387,"Hoffman et al., 2009",humanstudy,20,"1,1,2,2-tetrachloroethene",Halogenated,14,,
d08,c372,299,387,"Vass, 2012",humanstudy,20,"1,1,2,2-tetrachloroethene",Halogenated,14,,
d04,c379,295,394,"Rosier et al., 2014",humanstudy,20,tridecan-2-one,Ketone,15,,
d04,c385,295,400,"Rosier et al., 2014",humanstudy,20,propan-2-one,Ketone,15,,
d05,c385,296,400,"Statheropoulos et al., 2005",humanstudy,20,propan-2-one,Ketone,15,,
d06,c385,297,400,"Statheropoulos et al., 2007",humanstudy,20,propan-2-one,Ketone,15,,
d08,c385,299,400,"Vass, 2012",humanstudy,20,propan-2-one,Ketone,15,,
d05,c410,296,425,"Statheropoulos et al., 2005",humanstudy,20,Carbonyl sulfide,Sulphur containing,18,,
d08,c410,299,425,"Vass, 2012",humanstudy,20,Carbonyl sulfide,Sulphur containing,18,,
d03,c418,294,433,"Hoffman et al., 2009",humanstudy,20,ethyl hexanoate,Ester,12,,
d03,c419,294,434,"Hoffman et al., 2009",humanstudy,20,pentyl hexanoate,Ester,12,,
d03,c420,294,435,"Hoffman et al., 2009",humanstudy,20,hexyl hexanoate,Ester,12,,
d03,c423,294,438,"Hoffman et al., 2009",humanstudy,20,(E)-oct-2-enal,Aldehyde,5,,
d03,c424,294,439,"Hoffman et al., 2009",humanstudy,20,"nona-2,4-dienal",Aldehyde,5,,
d03,c425,294,440,"Hoffman et al., 2009",humanstudy,20,(E)-non-2-enal,Aldehyde,5,,
d03,c427,294,442,"Hoffman et al., 2009",humanstudy,20,sulfide,Sulphur containing,18,,
d05,c432,296,447,"Statheropoulos et al., 2005",humanstudy,20,pent-1-ene,Alkene,7,,
d05,c433,296,448,"Statheropoulos et al., 2005",humanstudy,20,prop-1-ene,Alkene,7,,
d05,c435,296,450,"Statheropoulos et al., 2005",humanstudy,20,"1,1,1,2-tetrachloroethane;1,1,2,2-tetrachloroethane",Halogenated,14,,
d09,c436,300,451,"Rosier et al., 2016",humanstudy,20,3-methylbutyl 3-methylbutanoate,Ester,12,,
